CLAIM_ID,PATIENT_ID,SERVICE_DATE,CPT_CODE,SERVICE_DESCRIPTION,TOTAL_CHARGES,PAID_AMOUNT,CLAIM_STATUS
CLM-8001,PT-1001,2026-08-20,99214,"Office Outpatient Visit, Level 4 (Complex Medical Decision Making)",285.0,210.5,Paid
CLM-8002,PT-1003,2026-01-15,99223,"Hospital Inpatient Care, High Severity",24500.0,21800.0,Paid
CLM-8003,PT-1003,2026-04-10,99285,"Emergency Dept Visit, Immediate Threat",8900.0,7400.0,Paid
CLM-8004,PT-1003,2026-07-22,99219,Initial Observation Care,18200.0,16100.0,Paid
CLM-8005,PT-1003,2026-08-14,99244,Specialist Consultation,12650.0,10200.0,Paid
CLM-8006,PT-1001,2026-03-12,99214,Outpatient Office Visit / Preventative Screening,360.04,280.83,Paid
CLM-8007,PT-1001,2026-05-09,99214,Outpatient Office Visit / Preventative Screening,168.33,131.3,Paid
CLM-8008,PT-1001,2026-06-10,99213,Outpatient Office Visit / Preventative Screening,170.45,132.95,Paid
CLM-8009,PT-1002,2025-10-20,99442,Outpatient Office Visit / Preventative Screening,273.1,213.02,Paid
CLM-8010,PT-1002,2025-11-21,99396,Outpatient Office Visit / Preventative Screening,329.65,257.13,Paid
CLM-8011,PT-1002,2025-10-20,99213,Outpatient Office Visit / Preventative Screening,169.82,132.46,Paid
CLM-8012,PT-1003,2026-01-23,99396,Outpatient Office Visit / Preventative Screening,219.93,171.55,Paid
CLM-8013,PT-1003,2025-11-08,99213,Outpatient Office Visit / Preventative Screening,236.14,184.19,Paid
CLM-8014,PT-1003,2026-04-01,99213,Outpatient Office Visit / Preventative Screening,269.13,209.92,Paid
CLM-8015,PT-1003,2026-03-02,99213,Outpatient Office Visit / Preventative Screening,145.32,113.35,Paid
CLM-8016,PT-1003,2025-10-27,99442,Outpatient Office Visit / Preventative Screening,287.33,224.12,Paid
CLM-8017,PT-1004,2026-01-19,99396,Outpatient Office Visit / Preventative Screening,335.11,261.39,Paid
CLM-8018,PT-1004,2025-11-01,99213,Outpatient Office Visit / Preventative Screening,285.45,222.65,Paid
CLM-8019,PT-1005,2026-07-16,99213,Outpatient Office Visit / Preventative Screening,444.19,346.47,Paid
CLM-8020,PT-1005,2025-12-22,99214,Outpatient Office Visit / Preventative Screening,176.94,138.01,Paid
CLM-8021,PT-1005,2026-01-25,99214,Outpatient Office Visit / Preventative Screening,292.94,228.49,Paid
CLM-8022,PT-1005,2026-03-04,99442,Outpatient Office Visit / Preventative Screening,422.92,329.88,Paid
CLM-8023,PT-1005,2026-02-09,99213,Outpatient Office Visit / Preventative Screening,344.04,268.35,Paid
CLM-8024,PT-1006,2026-08-04,99442,Outpatient Office Visit / Preventative Screening,151.19,117.93,Paid
CLM-8025,PT-1006,2026-04-14,99214,Outpatient Office Visit / Preventative Screening,358.83,279.89,Paid
CLM-8026,PT-1006,2026-03-20,99214,Outpatient Office Visit / Preventative Screening,312.3,243.59,Paid
CLM-8027,PT-1006,2026-03-11,99442,Outpatient Office Visit / Preventative Screening,439.34,342.69,Paid
CLM-8028,PT-1007,2025-11-06,99396,Outpatient Office Visit / Preventative Screening,429.54,335.04,Paid
CLM-8029,PT-1007,2025-11-24,99396,Outpatient Office Visit / Preventative Screening,332.35,259.23,Paid
CLM-8030,PT-1007,2026-07-03,99213,Outpatient Office Visit / Preventative Screening,351.93,274.51,Paid
CLM-8031,PT-1008,2025-12-20,99396,Outpatient Office Visit / Preventative Screening,126.02,98.3,Paid
CLM-8032,PT-1008,2026-06-06,99442,Outpatient Office Visit / Preventative Screening,232.77,181.56,Paid
CLM-8033,PT-1008,2026-05-31,99214,Outpatient Office Visit / Preventative Screening,449.99,350.99,Paid
CLM-8034,PT-1008,2026-07-29,99213,Outpatient Office Visit / Preventative Screening,398.66,310.95,Paid
CLM-8035,PT-1008,2025-12-21,99213,Outpatient Office Visit / Preventative Screening,395.59,308.56,Paid
CLM-8036,PT-1009,2025-10-25,99214,Outpatient Office Visit / Preventative Screening,317.09,247.33,Paid
CLM-8037,PT-1009,2026-06-15,99214,Outpatient Office Visit / Preventative Screening,394.34,307.59,Paid
CLM-8038,PT-1009,2026-01-25,99214,Outpatient Office Visit / Preventative Screening,255.58,199.35,Paid
CLM-8039,PT-1009,2026-01-22,99442,Outpatient Office Visit / Preventative Screening,214.03,166.94,Paid
CLM-8040,PT-1010,2025-12-07,99442,Outpatient Office Visit / Preventative Screening,222.12,173.25,Paid
CLM-8041,PT-1010,2026-05-30,99442,Outpatient Office Visit / Preventative Screening,343.84,268.2,Paid
CLM-8042,PT-1010,2026-01-13,99442,Outpatient Office Visit / Preventative Screening,376.78,293.89,Paid
CLM-8043,PT-1011,2026-05-27,99396,Outpatient Office Visit / Preventative Screening,165.67,129.22,Paid
CLM-8044,PT-1011,2026-08-11,99396,Outpatient Office Visit / Preventative Screening,278.59,217.3,Paid
CLM-8045,PT-1011,2025-11-27,99213,Outpatient Office Visit / Preventative Screening,354.76,276.71,Paid
CLM-8046,PT-1012,2026-07-26,99214,Outpatient Office Visit / Preventative Screening,210.02,163.82,Paid
CLM-8047,PT-1012,2026-01-26,99214,Outpatient Office Visit / Preventative Screening,432.32,337.21,Paid
CLM-8048,PT-1012,2026-01-19,99442,Outpatient Office Visit / Preventative Screening,427.06,333.11,Paid
CLM-8049,PT-1012,2026-08-10,99214,Outpatient Office Visit / Preventative Screening,285.66,222.81,Paid
CLM-8050,PT-1013,2026-07-27,99396,Outpatient Office Visit / Preventative Screening,194.1,151.4,Paid
CLM-8051,PT-1013,2026-07-18,99214,Outpatient Office Visit / Preventative Screening,334.49,260.9,Paid
CLM-8052,PT-1013,2026-06-28,99442,Outpatient Office Visit / Preventative Screening,214.67,167.44,Paid
CLM-8053,PT-1013,2026-06-27,99213,Outpatient Office Visit / Preventative Screening,274.81,214.35,Paid
CLM-8054,PT-1013,2026-07-28,99214,Outpatient Office Visit / Preventative Screening,204.45,159.47,Paid
CLM-8055,PT-1014,2026-07-12,99213,Outpatient Office Visit / Preventative Screening,198.42,154.77,Paid
CLM-8056,PT-1014,2026-08-13,99442,Outpatient Office Visit / Preventative Screening,258.54,201.66,Paid
CLM-8057,PT-1014,2026-08-05,99442,Outpatient Office Visit / Preventative Screening,396.11,308.97,Paid
CLM-8058,PT-1014,2025-11-05,99214,Outpatient Office Visit / Preventative Screening,125.42,97.83,Paid
CLM-8059,PT-1014,2026-06-25,99396,Outpatient Office Visit / Preventative Screening,261.65,204.09,Paid
CLM-8060,PT-1015,2025-11-18,99213,Outpatient Office Visit / Preventative Screening,181.81,141.81,Paid
CLM-8061,PT-1015,2025-12-12,99213,Outpatient Office Visit / Preventative Screening,142.33,111.02,Paid
CLM-8062,PT-1015,2026-02-19,99442,Outpatient Office Visit / Preventative Screening,134.37,104.81,Paid
CLM-8063,PT-1016,2026-04-30,99213,Outpatient Office Visit / Preventative Screening,125.36,97.78,Paid
CLM-8064,PT-1016,2026-03-14,99213,Outpatient Office Visit / Preventative Screening,361.87,282.26,Paid
CLM-8065,PT-1016,2025-11-13,99214,Outpatient Office Visit / Preventative Screening,369.7,288.37,Paid
CLM-8066,PT-1016,2026-08-15,99214,Outpatient Office Visit / Preventative Screening,300.18,234.14,Paid
CLM-8067,PT-1017,2026-01-04,99214,Outpatient Office Visit / Preventative Screening,180.15,140.52,Paid
CLM-8068,PT-1017,2026-08-05,99442,Outpatient Office Visit / Preventative Screening,376.14,293.39,Paid
CLM-8069,PT-1017,2026-08-19,99214,Outpatient Office Visit / Preventative Screening,186.53,145.49,Paid
CLM-8070,PT-1017,2026-08-16,99442,Outpatient Office Visit / Preventative Screening,428.01,333.85,Paid
CLM-8071,PT-1017,2025-12-02,99214,Outpatient Office Visit / Preventative Screening,203.59,158.8,Paid
CLM-8072,PT-1018,2026-03-08,99396,Outpatient Office Visit / Preventative Screening,405.71,316.45,Paid
CLM-8073,PT-1018,2026-04-20,99442,Outpatient Office Visit / Preventative Screening,383.78,299.35,Paid
CLM-8074,PT-1018,2026-02-14,99442,Outpatient Office Visit / Preventative Screening,265.11,206.79,Paid
CLM-8075,PT-1018,2026-03-17,99442,Outpatient Office Visit / Preventative Screening,283.75,221.33,Paid
CLM-8076,PT-1019,2025-12-15,99442,Outpatient Office Visit / Preventative Screening,384.38,299.82,Paid
CLM-8077,PT-1019,2026-07-28,99214,Outpatient Office Visit / Preventative Screening,318.81,248.67,Paid
CLM-8078,PT-1019,2025-12-01,99213,Outpatient Office Visit / Preventative Screening,226.0,176.28,Paid
CLM-8079,PT-1019,2026-03-23,99442,Outpatient Office Visit / Preventative Screening,217.56,169.7,Paid
CLM-8080,PT-1020,2026-06-13,99442,Outpatient Office Visit / Preventative Screening,266.49,207.86,Paid
CLM-8081,PT-1020,2026-08-16,99396,Outpatient Office Visit / Preventative Screening,407.11,317.55,Paid
CLM-8082,PT-1020,2025-10-27,99213,Outpatient Office Visit / Preventative Screening,210.6,164.27,Paid
CLM-8083,PT-1020,2026-07-30,99396,Outpatient Office Visit / Preventative Screening,330.38,257.7,Paid
CLM-8084,PT-1020,2025-12-18,99213,Outpatient Office Visit / Preventative Screening,344.21,268.48,Paid
CLM-8085,PT-1021,2025-10-30,99213,Outpatient Office Visit / Preventative Screening,377.83,294.71,Paid
CLM-8086,PT-1021,2026-07-04,99396,Outpatient Office Visit / Preventative Screening,197.88,154.35,Paid
CLM-8087,PT-1021,2026-03-05,99213,Outpatient Office Visit / Preventative Screening,433.32,337.99,Paid
CLM-8088,PT-1022,2026-01-19,99213,Outpatient Office Visit / Preventative Screening,242.76,189.35,Paid
CLM-8089,PT-1022,2025-11-17,99442,Outpatient Office Visit / Preventative Screening,294.72,229.88,Paid
CLM-8090,PT-1022,2026-03-30,99213,Outpatient Office Visit / Preventative Screening,211.97,165.34,Paid
CLM-8091,PT-1023,2026-06-03,99213,Outpatient Office Visit / Preventative Screening,290.86,226.87,Paid
CLM-8092,PT-1023,2026-04-25,99214,Outpatient Office Visit / Preventative Screening,352.33,274.82,Paid
CLM-8093,PT-1024,2025-12-29,99213,Outpatient Office Visit / Preventative Screening,160.47,125.17,Paid
CLM-8094,PT-1024,2026-01-18,99442,Outpatient Office Visit / Preventative Screening,416.56,324.92,Paid
CLM-8095,PT-1024,2026-07-24,99396,Outpatient Office Visit / Preventative Screening,439.3,342.65,Paid
CLM-8096,PT-1024,2025-09-30,99396,Outpatient Office Visit / Preventative Screening,354.15,276.24,Paid
CLM-8097,PT-1025,2026-06-18,99214,Outpatient Office Visit / Preventative Screening,354.16,276.24,Paid
CLM-8098,PT-1025,2026-03-05,99214,Outpatient Office Visit / Preventative Screening,194.0,151.32,Paid
CLM-8099,PT-1025,2026-06-27,99213,Outpatient Office Visit / Preventative Screening,380.82,297.04,Paid
CLM-8100,PT-1025,2026-03-06,99442,Outpatient Office Visit / Preventative Screening,308.85,240.9,Paid
CLM-8101,PT-1026,2025-10-28,99442,Outpatient Office Visit / Preventative Screening,141.7,110.53,Paid
CLM-8102,PT-1026,2026-01-04,99442,Outpatient Office Visit / Preventative Screening,255.56,199.34,Paid
CLM-8103,PT-1026,2025-11-16,99396,Outpatient Office Visit / Preventative Screening,161.36,125.86,Paid
CLM-8104,PT-1027,2026-01-19,99396,Outpatient Office Visit / Preventative Screening,344.44,268.66,Paid
CLM-8105,PT-1027,2026-07-03,99214,Outpatient Office Visit / Preventative Screening,331.13,258.28,Paid
CLM-8106,PT-1028,2026-01-28,99213,Outpatient Office Visit / Preventative Screening,420.54,328.02,Paid
CLM-8107,PT-1028,2026-07-05,99214,Outpatient Office Visit / Preventative Screening,170.5,132.99,Paid
CLM-8108,PT-1028,2026-06-16,99214,Outpatient Office Visit / Preventative Screening,428.46,334.2,Paid
CLM-8109,PT-1029,2025-12-15,99396,Outpatient Office Visit / Preventative Screening,399.16,311.34,Paid
CLM-8110,PT-1029,2026-05-29,99396,Outpatient Office Visit / Preventative Screening,435.6,339.77,Paid
CLM-8111,PT-1029,2026-07-04,99213,Outpatient Office Visit / Preventative Screening,219.93,171.55,Paid
CLM-8112,PT-1029,2025-12-23,99214,Outpatient Office Visit / Preventative Screening,175.65,137.01,Paid
CLM-8113,PT-1030,2025-10-04,99396,Outpatient Office Visit / Preventative Screening,357.81,279.09,Paid
CLM-8114,PT-1030,2025-11-22,99213,Outpatient Office Visit / Preventative Screening,392.33,306.02,Paid
CLM-8115,PT-1030,2026-07-27,99396,Outpatient Office Visit / Preventative Screening,433.02,337.76,Paid
CLM-8116,PT-1031,2025-11-18,99213,Outpatient Office Visit / Preventative Screening,323.98,252.7,Paid
CLM-8117,PT-1031,2025-12-26,99396,Outpatient Office Visit / Preventative Screening,300.04,234.03,Paid
CLM-8118,PT-1031,2026-01-02,99442,Outpatient Office Visit / Preventative Screening,385.55,300.73,Paid
CLM-8119,PT-1032,2026-01-17,99214,Outpatient Office Visit / Preventative Screening,347.24,270.85,Paid
CLM-8120,PT-1032,2026-01-24,99214,Outpatient Office Visit / Preventative Screening,279.8,218.24,Paid
CLM-8121,PT-1032,2026-03-16,99396,Outpatient Office Visit / Preventative Screening,167.41,130.58,Paid
CLM-8122,PT-1032,2026-03-14,99396,Outpatient Office Visit / Preventative Screening,163.15,127.26,Paid
CLM-8123,PT-1033,2026-03-27,99396,Outpatient Office Visit / Preventative Screening,273.94,213.67,Paid
CLM-8124,PT-1033,2026-01-19,99213,Outpatient Office Visit / Preventative Screening,166.49,129.86,Paid
CLM-8125,PT-1034,2026-02-22,99214,Outpatient Office Visit / Preventative Screening,257.98,201.22,Paid
CLM-8126,PT-1034,2026-03-23,99214,Outpatient Office Visit / Preventative Screening,357.97,279.22,Paid
CLM-8127,PT-1034,2026-06-17,99442,Outpatient Office Visit / Preventative Screening,448.67,349.96,Paid
CLM-8128,PT-1034,2025-12-25,99213,Outpatient Office Visit / Preventative Screening,284.13,221.62,Paid
CLM-8129,PT-1035,2025-12-22,99214,Outpatient Office Visit / Preventative Screening,439.01,342.43,Paid
CLM-8130,PT-1035,2025-11-12,99396,Outpatient Office Visit / Preventative Screening,136.06,106.13,Paid
CLM-8131,PT-1035,2025-12-27,99442,Outpatient Office Visit / Preventative Screening,411.17,320.71,Paid
CLM-8132,PT-1035,2026-04-13,99213,Outpatient Office Visit / Preventative Screening,122.7,95.71,Paid
CLM-8133,PT-1035,2026-01-29,99396,Outpatient Office Visit / Preventative Screening,411.21,320.74,Paid
CLM-8134,PT-1036,2026-03-03,99214,Outpatient Office Visit / Preventative Screening,252.19,196.71,Paid
CLM-8135,PT-1036,2026-03-05,99442,Outpatient Office Visit / Preventative Screening,215.24,167.89,Paid
CLM-8136,PT-1036,2025-12-22,99396,Outpatient Office Visit / Preventative Screening,372.25,290.36,Paid
CLM-8137,PT-1036,2025-10-22,99214,Outpatient Office Visit / Preventative Screening,321.64,250.88,Paid
CLM-8138,PT-1036,2026-07-19,99396,Outpatient Office Visit / Preventative Screening,243.16,189.66,Paid
CLM-8139,PT-1037,2026-06-25,99442,Outpatient Office Visit / Preventative Screening,318.81,248.67,Paid
CLM-8140,PT-1037,2025-12-24,99214,Outpatient Office Visit / Preventative Screening,134.95,105.26,Paid
CLM-8141,PT-1037,2026-03-20,99214,Outpatient Office Visit / Preventative Screening,291.38,227.28,Paid
CLM-8142,PT-1037,2025-10-31,99396,Outpatient Office Visit / Preventative Screening,166.13,129.58,Paid
CLM-8143,PT-1038,2026-02-17,99396,Outpatient Office Visit / Preventative Screening,363.98,283.9,Paid
CLM-8144,PT-1038,2025-11-07,99442,Outpatient Office Visit / Preventative Screening,287.41,224.18,Paid
CLM-8145,PT-1038,2025-11-22,99213,Outpatient Office Visit / Preventative Screening,276.71,215.83,Paid
CLM-8146,PT-1039,2026-03-21,99442,Outpatient Office Visit / Preventative Screening,156.17,121.81,Paid
CLM-8147,PT-1039,2025-11-12,99213,Outpatient Office Visit / Preventative Screening,382.93,298.69,Paid
CLM-8148,PT-1039,2025-11-05,99214,Outpatient Office Visit / Preventative Screening,207.63,161.95,Paid
CLM-8149,PT-1039,2026-08-11,99442,Outpatient Office Visit / Preventative Screening,278.55,217.27,Paid
CLM-8150,PT-1040,2026-05-05,99213,Outpatient Office Visit / Preventative Screening,308.95,240.98,Paid
CLM-8151,PT-1040,2026-06-01,99442,Outpatient Office Visit / Preventative Screening,265.54,207.12,Paid
CLM-8152,PT-1040,2026-06-21,99442,Outpatient Office Visit / Preventative Screening,347.87,271.34,Paid
CLM-8153,PT-1041,2026-08-06,99214,Outpatient Office Visit / Preventative Screening,165.57,129.14,Paid
CLM-8154,PT-1041,2025-11-23,99442,Outpatient Office Visit / Preventative Screening,449.38,350.52,Paid
CLM-8155,PT-1041,2025-12-11,99214,Outpatient Office Visit / Preventative Screening,223.54,174.36,Paid
CLM-8156,PT-1041,2026-01-14,99396,Outpatient Office Visit / Preventative Screening,232.97,181.72,Paid
CLM-8157,PT-1041,2025-10-12,99442,Outpatient Office Visit / Preventative Screening,207.24,161.65,Paid
CLM-8158,PT-1042,2026-05-03,99214,Outpatient Office Visit / Preventative Screening,304.17,237.25,Paid
CLM-8159,PT-1042,2026-04-07,99442,Outpatient Office Visit / Preventative Screening,352.62,275.04,Paid
CLM-8160,PT-1042,2026-03-28,99396,Outpatient Office Visit / Preventative Screening,235.11,183.39,Paid
CLM-8161,PT-1043,2026-07-06,99442,Outpatient Office Visit / Preventative Screening,343.29,267.77,Paid
CLM-8162,PT-1043,2026-02-16,99214,Outpatient Office Visit / Preventative Screening,435.02,339.32,Paid
CLM-8163,PT-1043,2026-04-11,99213,Outpatient Office Visit / Preventative Screening,214.92,167.64,Paid
CLM-8164,PT-1043,2026-03-13,99442,Outpatient Office Visit / Preventative Screening,336.47,262.45,Paid
CLM-8165,PT-1044,2026-05-26,99396,Outpatient Office Visit / Preventative Screening,209.47,163.39,Paid
CLM-8166,PT-1044,2026-06-28,99214,Outpatient Office Visit / Preventative Screening,323.17,252.07,Paid
CLM-8167,PT-1044,2026-05-05,99214,Outpatient Office Visit / Preventative Screening,341.05,266.02,Paid
CLM-8168,PT-1045,2026-08-11,99442,Outpatient Office Visit / Preventative Screening,256.39,199.98,Paid
CLM-8169,PT-1045,2026-07-17,99213,Outpatient Office Visit / Preventative Screening,374.35,291.99,Paid
CLM-8170,PT-1045,2025-11-29,99442,Outpatient Office Visit / Preventative Screening,254.28,198.34,Paid
CLM-8171,PT-1046,2025-10-08,99396,Outpatient Office Visit / Preventative Screening,369.45,288.17,Paid
CLM-8172,PT-1046,2026-03-26,99213,Outpatient Office Visit / Preventative Screening,333.15,259.86,Paid
CLM-8173,PT-1046,2025-10-08,99213,Outpatient Office Visit / Preventative Screening,196.63,153.37,Paid
CLM-8174,PT-1046,2026-06-09,99214,Outpatient Office Visit / Preventative Screening,411.14,320.69,Paid
CLM-8175,PT-1046,2026-08-19,99214,Outpatient Office Visit / Preventative Screening,380.03,296.42,Paid
CLM-8176,PT-1047,2026-08-18,99213,Outpatient Office Visit / Preventative Screening,218.47,170.41,Paid
CLM-8177,PT-1047,2026-03-19,99442,Outpatient Office Visit / Preventative Screening,269.94,210.55,Paid
CLM-8178,PT-1047,2026-06-30,99214,Outpatient Office Visit / Preventative Screening,274.45,214.07,Paid
CLM-8179,PT-1047,2026-07-11,99442,Outpatient Office Visit / Preventative Screening,173.62,135.42,Paid
CLM-8180,PT-1048,2026-06-03,99396,Outpatient Office Visit / Preventative Screening,363.08,283.2,Paid
CLM-8181,PT-1048,2025-11-20,99214,Outpatient Office Visit / Preventative Screening,369.9,288.52,Paid
CLM-8182,PT-1048,2025-10-29,99442,Outpatient Office Visit / Preventative Screening,416.02,324.5,Paid
CLM-8183,PT-1048,2025-12-17,99213,Outpatient Office Visit / Preventative Screening,148.62,115.92,Paid
CLM-8184,PT-1049,2026-06-27,99214,Outpatient Office Visit / Preventative Screening,226.79,176.9,Paid
CLM-8185,PT-1049,2026-09-03,99442,Outpatient Office Visit / Preventative Screening,246.58,192.33,Paid
CLM-8186,PT-1049,2026-04-23,99213,Outpatient Office Visit / Preventative Screening,219.64,171.32,Paid
CLM-8187,PT-1050,2025-10-07,99213,Outpatient Office Visit / Preventative Screening,348.61,271.92,Paid
CLM-8188,PT-1050,2025-09-30,99214,Outpatient Office Visit / Preventative Screening,273.58,213.39,Paid
CLM-8189,PT-1050,2026-02-11,99396,Outpatient Office Visit / Preventative Screening,285.83,222.95,Paid
CLM-8190,PT-1050,2026-07-08,99396,Outpatient Office Visit / Preventative Screening,422.32,329.41,Paid
