ENCOUNTER_ID,PATIENT_ID,ENCOUNTER_DATE,ENCOUNTER_TYPE,CHIEF_COMPLAINT,PROVIDER_NAME,FACILITY_NAME,DIAGNOSIS_CODES,DISCHARGE_SUMMARY
ENC-5001,PT-1001,2026-08-20,Outpatient Follow-up,"Fatigue, mild nausea, persistent peripheral edema","Dr. Robert Harrison, MD",Commonwealth Internal Medicine Associates,"E11.9, I10, N18.4",Patient Eleanor Vance seen for 6-month diabetic evaluation. Noted ongoing fatigue and mild anorexia. Recent lab work confirms progressive decline in renal function with eGFR dropping to 28 mL/min/1.73m2. Currently taking Metformin 1000mg BID. Urgent pharmacovigilance review required.
ENC-5002,PT-1003,2026-01-15,Inpatient Hospitalization,Congestive heart failure exacerbation with orthopnea,"Dr. David Kim, MD",Massachusetts General Healthcare Pavilion,"I48.91, I50.9, M19.90, K21.9",Patient Arthur Pendelton treated for Congestive heart failure exacerbation with orthopnea. Longitudinal medication burden exceeds 9 active concurrent prescriptions including Eliquis (Apixaban 5mg) and concurrent high-dose NSAID (Ibuprofen 800mg TID). High-risk catastrophic spend category.
ENC-5003,PT-1003,2026-04-10,Emergency Department,"Dizziness, acute melena, severe hip pain flare","Dr. David Kim, MD",Massachusetts General Healthcare Pavilion,"I48.91, I50.9, M19.90, K21.9","Patient Arthur Pendelton treated for Dizziness, acute melena, severe hip pain flare. Longitudinal medication burden exceeds 9 active concurrent prescriptions including Eliquis (Apixaban 5mg) and concurrent high-dose NSAID (Ibuprofen 800mg TID). High-risk catastrophic spend category."
ENC-5004,PT-1003,2026-07-22,Inpatient Observation,Syncope investigation; telemetry monitoring; acute-on-chronic renal injury,"Dr. David Kim, MD",Massachusetts General Healthcare Pavilion,"I48.91, I50.9, M19.90, K21.9",Patient Arthur Pendelton treated for Syncope investigation; telemetry monitoring; acute-on-chronic renal injury. Longitudinal medication burden exceeds 9 active concurrent prescriptions including Eliquis (Apixaban 5mg) and concurrent high-dose NSAID (Ibuprofen 800mg TID). High-risk catastrophic spend category.
ENC-5005,PT-1003,2026-08-14,Cardiology Specialty Visit,Atrial fibrillation evaluation with severe polypharmacy review,"Dr. David Kim, MD",Massachusetts General Healthcare Pavilion,"I48.91, I50.9, M19.90, K21.9",Patient Arthur Pendelton treated for Atrial fibrillation evaluation with severe polypharmacy review. Longitudinal medication burden exceeds 9 active concurrent prescriptions including Eliquis (Apixaban 5mg) and concurrent high-dose NSAID (Ibuprofen 800mg TID). High-risk catastrophic spend category.
ENC-5006,PT-1001,2026-03-12,Outpatient Follow-up,Routine chronic condition management and medication reconciliation,"Dr. Robert Harrison, MD (Internal Medicine)",Metro Boston Ambulatory Care Network,"Z00.00, I10, E78.5","Patient reviewed. Vitals stable. Encouraged lifestyle adherence, physical activity, and continued compliance with active pharmacy orders."
ENC-5007,PT-1001,2026-05-09,Routine Preventive,Routine chronic condition management and medication reconciliation,"Dr. Robert Harrison, MD (Internal Medicine)",Metro Boston Ambulatory Care Network,"Z00.00, I10, E78.5","Patient reviewed. Vitals stable. Encouraged lifestyle adherence, physical activity, and continued compliance with active pharmacy orders."
ENC-5008,PT-1001,2026-06-10,Telehealth Video Consult,Routine chronic condition management and medication reconciliation,"Dr. Robert Harrison, MD (Internal Medicine)",Metro Boston Ambulatory Care Network,"Z00.00, I10, E78.5","Patient reviewed. Vitals stable. Encouraged lifestyle adherence, physical activity, and continued compliance with active pharmacy orders."
ENC-5009,PT-1002,2025-10-20,Outpatient Follow-up,Routine chronic condition management and medication reconciliation,"Dr. Sarah Jenkins, MD (Endocrinology)",Metro Boston Ambulatory Care Network,"Z00.00, I10, E78.5","Patient reviewed. Vitals stable. Encouraged lifestyle adherence, physical activity, and continued compliance with active pharmacy orders."
ENC-5010,PT-1002,2025-11-21,Telehealth Video Consult,Routine chronic condition management and medication reconciliation,"Dr. Sarah Jenkins, MD (Endocrinology)",Metro Boston Ambulatory Care Network,"Z00.00, I10, E78.5","Patient reviewed. Vitals stable. Encouraged lifestyle adherence, physical activity, and continued compliance with active pharmacy orders."
ENC-5011,PT-1002,2025-10-20,Outpatient Follow-up,Routine chronic condition management and medication reconciliation,"Dr. Sarah Jenkins, MD (Endocrinology)",Metro Boston Ambulatory Care Network,"Z00.00, I10, E78.5","Patient reviewed. Vitals stable. Encouraged lifestyle adherence, physical activity, and continued compliance with active pharmacy orders."
ENC-5012,PT-1003,2026-01-23,Telehealth Video Consult,Routine chronic condition management and medication reconciliation,"Dr. David Kim, MD (Cardiology)",Metro Boston Ambulatory Care Network,"Z00.00, I10, E78.5","Patient reviewed. Vitals stable. Encouraged lifestyle adherence, physical activity, and continued compliance with active pharmacy orders."
ENC-5013,PT-1003,2025-11-08,Routine Preventive,Routine chronic condition management and medication reconciliation,"Dr. David Kim, MD (Cardiology)",Metro Boston Ambulatory Care Network,"Z00.00, I10, E78.5","Patient reviewed. Vitals stable. Encouraged lifestyle adherence, physical activity, and continued compliance with active pharmacy orders."
ENC-5014,PT-1003,2026-04-01,Outpatient Follow-up,Routine chronic condition management and medication reconciliation,"Dr. David Kim, MD (Cardiology)",Metro Boston Ambulatory Care Network,"Z00.00, I10, E78.5","Patient reviewed. Vitals stable. Encouraged lifestyle adherence, physical activity, and continued compliance with active pharmacy orders."
ENC-5015,PT-1003,2026-03-02,Outpatient Follow-up,Routine chronic condition management and medication reconciliation,"Dr. David Kim, MD (Cardiology)",Metro Boston Ambulatory Care Network,"Z00.00, I10, E78.5","Patient reviewed. Vitals stable. Encouraged lifestyle adherence, physical activity, and continued compliance with active pharmacy orders."
ENC-5016,PT-1003,2025-10-27,Telehealth Video Consult,Routine chronic condition management and medication reconciliation,"Dr. David Kim, MD (Cardiology)",Metro Boston Ambulatory Care Network,"Z00.00, I10, E78.5","Patient reviewed. Vitals stable. Encouraged lifestyle adherence, physical activity, and continued compliance with active pharmacy orders."
ENC-5017,PT-1004,2026-01-19,Telehealth Video Consult,Routine chronic condition management and medication reconciliation,"Dr. Anita Sharma, MD (Family Medicine)",Metro Boston Ambulatory Care Network,"Z00.00, I10, E78.5","Patient reviewed. Vitals stable. Encouraged lifestyle adherence, physical activity, and continued compliance with active pharmacy orders."
ENC-5018,PT-1004,2025-11-01,Outpatient Follow-up,Routine chronic condition management and medication reconciliation,"Dr. Anita Sharma, MD (Family Medicine)",Metro Boston Ambulatory Care Network,"Z00.00, I10, E78.5","Patient reviewed. Vitals stable. Encouraged lifestyle adherence, physical activity, and continued compliance with active pharmacy orders."
ENC-5019,PT-1005,2026-07-16,Outpatient Follow-up,Routine chronic condition management and medication reconciliation,"Dr. Anita Sharma, MD (Family Medicine)",Metro Boston Ambulatory Care Network,"Z00.00, I10, E78.5","Patient reviewed. Vitals stable. Encouraged lifestyle adherence, physical activity, and continued compliance with active pharmacy orders."
ENC-5020,PT-1005,2025-12-22,Telehealth Video Consult,Routine chronic condition management and medication reconciliation,"Dr. Anita Sharma, MD (Family Medicine)",Metro Boston Ambulatory Care Network,"Z00.00, I10, E78.5","Patient reviewed. Vitals stable. Encouraged lifestyle adherence, physical activity, and continued compliance with active pharmacy orders."
ENC-5021,PT-1005,2026-01-25,Outpatient Follow-up,Routine chronic condition management and medication reconciliation,"Dr. Anita Sharma, MD (Family Medicine)",Metro Boston Ambulatory Care Network,"Z00.00, I10, E78.5","Patient reviewed. Vitals stable. Encouraged lifestyle adherence, physical activity, and continued compliance with active pharmacy orders."
ENC-5022,PT-1005,2026-03-04,Outpatient Follow-up,Routine chronic condition management and medication reconciliation,"Dr. Anita Sharma, MD (Family Medicine)",Metro Boston Ambulatory Care Network,"Z00.00, I10, E78.5","Patient reviewed. Vitals stable. Encouraged lifestyle adherence, physical activity, and continued compliance with active pharmacy orders."
ENC-5023,PT-1005,2026-02-09,Outpatient Follow-up,Routine chronic condition management and medication reconciliation,"Dr. Anita Sharma, MD (Family Medicine)",Metro Boston Ambulatory Care Network,"Z00.00, I10, E78.5","Patient reviewed. Vitals stable. Encouraged lifestyle adherence, physical activity, and continued compliance with active pharmacy orders."
ENC-5024,PT-1006,2026-08-04,Outpatient Follow-up,Routine chronic condition management and medication reconciliation,"Dr. Robert Harrison, MD (Internal Medicine)",Metro Boston Ambulatory Care Network,"Z00.00, I10, E78.5","Patient reviewed. Vitals stable. Encouraged lifestyle adherence, physical activity, and continued compliance with active pharmacy orders."
ENC-5025,PT-1006,2026-04-14,Outpatient Follow-up,Routine chronic condition management and medication reconciliation,"Dr. Robert Harrison, MD (Internal Medicine)",Metro Boston Ambulatory Care Network,"Z00.00, I10, E78.5","Patient reviewed. Vitals stable. Encouraged lifestyle adherence, physical activity, and continued compliance with active pharmacy orders."
ENC-5026,PT-1006,2026-03-20,Routine Preventive,Routine chronic condition management and medication reconciliation,"Dr. Robert Harrison, MD (Internal Medicine)",Metro Boston Ambulatory Care Network,"Z00.00, I10, E78.5","Patient reviewed. Vitals stable. Encouraged lifestyle adherence, physical activity, and continued compliance with active pharmacy orders."
ENC-5027,PT-1006,2026-03-11,Outpatient Follow-up,Routine chronic condition management and medication reconciliation,"Dr. Robert Harrison, MD (Internal Medicine)",Metro Boston Ambulatory Care Network,"Z00.00, I10, E78.5","Patient reviewed. Vitals stable. Encouraged lifestyle adherence, physical activity, and continued compliance with active pharmacy orders."
ENC-5028,PT-1007,2025-11-06,Telehealth Video Consult,Routine chronic condition management and medication reconciliation,"Dr. Robert Harrison, MD (Internal Medicine)",Metro Boston Ambulatory Care Network,"Z00.00, I10, E78.5","Patient reviewed. Vitals stable. Encouraged lifestyle adherence, physical activity, and continued compliance with active pharmacy orders."
ENC-5029,PT-1007,2025-11-24,Outpatient Follow-up,Routine chronic condition management and medication reconciliation,"Dr. Robert Harrison, MD (Internal Medicine)",Metro Boston Ambulatory Care Network,"Z00.00, I10, E78.5","Patient reviewed. Vitals stable. Encouraged lifestyle adherence, physical activity, and continued compliance with active pharmacy orders."
ENC-5030,PT-1007,2026-07-03,Telehealth Video Consult,Routine chronic condition management and medication reconciliation,"Dr. Robert Harrison, MD (Internal Medicine)",Metro Boston Ambulatory Care Network,"Z00.00, I10, E78.5","Patient reviewed. Vitals stable. Encouraged lifestyle adherence, physical activity, and continued compliance with active pharmacy orders."
ENC-5031,PT-1008,2025-12-20,Outpatient Follow-up,Routine chronic condition management and medication reconciliation,"Dr. David Kim, MD (Cardiology)",Metro Boston Ambulatory Care Network,"Z00.00, I10, E78.5","Patient reviewed. Vitals stable. Encouraged lifestyle adherence, physical activity, and continued compliance with active pharmacy orders."
ENC-5032,PT-1008,2026-06-06,Routine Preventive,Routine chronic condition management and medication reconciliation,"Dr. David Kim, MD (Cardiology)",Metro Boston Ambulatory Care Network,"Z00.00, I10, E78.5","Patient reviewed. Vitals stable. Encouraged lifestyle adherence, physical activity, and continued compliance with active pharmacy orders."
ENC-5033,PT-1008,2026-05-31,Routine Preventive,Routine chronic condition management and medication reconciliation,"Dr. David Kim, MD (Cardiology)",Metro Boston Ambulatory Care Network,"Z00.00, I10, E78.5","Patient reviewed. Vitals stable. Encouraged lifestyle adherence, physical activity, and continued compliance with active pharmacy orders."
ENC-5034,PT-1008,2026-07-29,Outpatient Follow-up,Routine chronic condition management and medication reconciliation,"Dr. David Kim, MD (Cardiology)",Metro Boston Ambulatory Care Network,"Z00.00, I10, E78.5","Patient reviewed. Vitals stable. Encouraged lifestyle adherence, physical activity, and continued compliance with active pharmacy orders."
ENC-5035,PT-1008,2025-12-21,Telehealth Video Consult,Routine chronic condition management and medication reconciliation,"Dr. David Kim, MD (Cardiology)",Metro Boston Ambulatory Care Network,"Z00.00, I10, E78.5","Patient reviewed. Vitals stable. Encouraged lifestyle adherence, physical activity, and continued compliance with active pharmacy orders."
ENC-5036,PT-1009,2025-10-25,Routine Preventive,Routine chronic condition management and medication reconciliation,"Dr. Sarah Jenkins, MD (Endocrinology)",Metro Boston Ambulatory Care Network,"Z00.00, I10, E78.5","Patient reviewed. Vitals stable. Encouraged lifestyle adherence, physical activity, and continued compliance with active pharmacy orders."
ENC-5037,PT-1009,2026-06-15,Routine Preventive,Routine chronic condition management and medication reconciliation,"Dr. Sarah Jenkins, MD (Endocrinology)",Metro Boston Ambulatory Care Network,"Z00.00, I10, E78.5","Patient reviewed. Vitals stable. Encouraged lifestyle adherence, physical activity, and continued compliance with active pharmacy orders."
ENC-5038,PT-1009,2026-01-25,Routine Preventive,Routine chronic condition management and medication reconciliation,"Dr. Sarah Jenkins, MD (Endocrinology)",Metro Boston Ambulatory Care Network,"Z00.00, I10, E78.5","Patient reviewed. Vitals stable. Encouraged lifestyle adherence, physical activity, and continued compliance with active pharmacy orders."
ENC-5039,PT-1009,2026-01-22,Telehealth Video Consult,Routine chronic condition management and medication reconciliation,"Dr. Sarah Jenkins, MD (Endocrinology)",Metro Boston Ambulatory Care Network,"Z00.00, I10, E78.5","Patient reviewed. Vitals stable. Encouraged lifestyle adherence, physical activity, and continued compliance with active pharmacy orders."
ENC-5040,PT-1010,2025-12-07,Routine Preventive,Routine chronic condition management and medication reconciliation,"Dr. David Kim, MD (Cardiology)",Metro Boston Ambulatory Care Network,"Z00.00, I10, E78.5","Patient reviewed. Vitals stable. Encouraged lifestyle adherence, physical activity, and continued compliance with active pharmacy orders."
ENC-5041,PT-1010,2026-05-30,Outpatient Follow-up,Routine chronic condition management and medication reconciliation,"Dr. David Kim, MD (Cardiology)",Metro Boston Ambulatory Care Network,"Z00.00, I10, E78.5","Patient reviewed. Vitals stable. Encouraged lifestyle adherence, physical activity, and continued compliance with active pharmacy orders."
ENC-5042,PT-1010,2026-01-13,Outpatient Follow-up,Routine chronic condition management and medication reconciliation,"Dr. David Kim, MD (Cardiology)",Metro Boston Ambulatory Care Network,"Z00.00, I10, E78.5","Patient reviewed. Vitals stable. Encouraged lifestyle adherence, physical activity, and continued compliance with active pharmacy orders."
ENC-5043,PT-1011,2026-05-27,Telehealth Video Consult,Routine chronic condition management and medication reconciliation,"Dr. Sarah Jenkins, MD (Endocrinology)",Metro Boston Ambulatory Care Network,"Z00.00, I10, E78.5","Patient reviewed. Vitals stable. Encouraged lifestyle adherence, physical activity, and continued compliance with active pharmacy orders."
ENC-5044,PT-1011,2026-08-11,Telehealth Video Consult,Routine chronic condition management and medication reconciliation,"Dr. Sarah Jenkins, MD (Endocrinology)",Metro Boston Ambulatory Care Network,"Z00.00, I10, E78.5","Patient reviewed. Vitals stable. Encouraged lifestyle adherence, physical activity, and continued compliance with active pharmacy orders."
ENC-5045,PT-1011,2025-11-27,Routine Preventive,Routine chronic condition management and medication reconciliation,"Dr. Sarah Jenkins, MD (Endocrinology)",Metro Boston Ambulatory Care Network,"Z00.00, I10, E78.5","Patient reviewed. Vitals stable. Encouraged lifestyle adherence, physical activity, and continued compliance with active pharmacy orders."
ENC-5046,PT-1012,2026-07-26,Routine Preventive,Routine chronic condition management and medication reconciliation,"Dr. Robert Harrison, MD (Internal Medicine)",Metro Boston Ambulatory Care Network,"Z00.00, I10, E78.5","Patient reviewed. Vitals stable. Encouraged lifestyle adherence, physical activity, and continued compliance with active pharmacy orders."
ENC-5047,PT-1012,2026-01-26,Routine Preventive,Routine chronic condition management and medication reconciliation,"Dr. Robert Harrison, MD (Internal Medicine)",Metro Boston Ambulatory Care Network,"Z00.00, I10, E78.5","Patient reviewed. Vitals stable. Encouraged lifestyle adherence, physical activity, and continued compliance with active pharmacy orders."
ENC-5048,PT-1012,2026-01-19,Outpatient Follow-up,Routine chronic condition management and medication reconciliation,"Dr. Robert Harrison, MD (Internal Medicine)",Metro Boston Ambulatory Care Network,"Z00.00, I10, E78.5","Patient reviewed. Vitals stable. Encouraged lifestyle adherence, physical activity, and continued compliance with active pharmacy orders."
ENC-5049,PT-1012,2026-08-10,Outpatient Follow-up,Routine chronic condition management and medication reconciliation,"Dr. Robert Harrison, MD (Internal Medicine)",Metro Boston Ambulatory Care Network,"Z00.00, I10, E78.5","Patient reviewed. Vitals stable. Encouraged lifestyle adherence, physical activity, and continued compliance with active pharmacy orders."
ENC-5050,PT-1013,2026-07-27,Outpatient Follow-up,Routine chronic condition management and medication reconciliation,"Dr. Anita Sharma, MD (Family Medicine)",Metro Boston Ambulatory Care Network,"Z00.00, I10, E78.5","Patient reviewed. Vitals stable. Encouraged lifestyle adherence, physical activity, and continued compliance with active pharmacy orders."
ENC-5051,PT-1013,2026-07-18,Telehealth Video Consult,Routine chronic condition management and medication reconciliation,"Dr. Anita Sharma, MD (Family Medicine)",Metro Boston Ambulatory Care Network,"Z00.00, I10, E78.5","Patient reviewed. Vitals stable. Encouraged lifestyle adherence, physical activity, and continued compliance with active pharmacy orders."
ENC-5052,PT-1013,2026-06-28,Routine Preventive,Routine chronic condition management and medication reconciliation,"Dr. Anita Sharma, MD (Family Medicine)",Metro Boston Ambulatory Care Network,"Z00.00, I10, E78.5","Patient reviewed. Vitals stable. Encouraged lifestyle adherence, physical activity, and continued compliance with active pharmacy orders."
ENC-5053,PT-1013,2026-06-27,Telehealth Video Consult,Routine chronic condition management and medication reconciliation,"Dr. Anita Sharma, MD (Family Medicine)",Metro Boston Ambulatory Care Network,"Z00.00, I10, E78.5","Patient reviewed. Vitals stable. Encouraged lifestyle adherence, physical activity, and continued compliance with active pharmacy orders."
ENC-5054,PT-1013,2026-07-28,Routine Preventive,Routine chronic condition management and medication reconciliation,"Dr. Anita Sharma, MD (Family Medicine)",Metro Boston Ambulatory Care Network,"Z00.00, I10, E78.5","Patient reviewed. Vitals stable. Encouraged lifestyle adherence, physical activity, and continued compliance with active pharmacy orders."
ENC-5055,PT-1014,2026-07-12,Outpatient Follow-up,Routine chronic condition management and medication reconciliation,"Dr. David Kim, MD (Cardiology)",Metro Boston Ambulatory Care Network,"Z00.00, I10, E78.5","Patient reviewed. Vitals stable. Encouraged lifestyle adherence, physical activity, and continued compliance with active pharmacy orders."
ENC-5056,PT-1014,2026-08-13,Routine Preventive,Routine chronic condition management and medication reconciliation,"Dr. David Kim, MD (Cardiology)",Metro Boston Ambulatory Care Network,"Z00.00, I10, E78.5","Patient reviewed. Vitals stable. Encouraged lifestyle adherence, physical activity, and continued compliance with active pharmacy orders."
ENC-5057,PT-1014,2026-08-05,Routine Preventive,Routine chronic condition management and medication reconciliation,"Dr. David Kim, MD (Cardiology)",Metro Boston Ambulatory Care Network,"Z00.00, I10, E78.5","Patient reviewed. Vitals stable. Encouraged lifestyle adherence, physical activity, and continued compliance with active pharmacy orders."
ENC-5058,PT-1014,2025-11-05,Telehealth Video Consult,Routine chronic condition management and medication reconciliation,"Dr. David Kim, MD (Cardiology)",Metro Boston Ambulatory Care Network,"Z00.00, I10, E78.5","Patient reviewed. Vitals stable. Encouraged lifestyle adherence, physical activity, and continued compliance with active pharmacy orders."
ENC-5059,PT-1014,2026-06-25,Outpatient Follow-up,Routine chronic condition management and medication reconciliation,"Dr. David Kim, MD (Cardiology)",Metro Boston Ambulatory Care Network,"Z00.00, I10, E78.5","Patient reviewed. Vitals stable. Encouraged lifestyle adherence, physical activity, and continued compliance with active pharmacy orders."
ENC-5060,PT-1015,2025-11-18,Outpatient Follow-up,Routine chronic condition management and medication reconciliation,"Dr. Robert Harrison, MD (Internal Medicine)",Metro Boston Ambulatory Care Network,"Z00.00, I10, E78.5","Patient reviewed. Vitals stable. Encouraged lifestyle adherence, physical activity, and continued compliance with active pharmacy orders."
ENC-5061,PT-1015,2025-12-12,Outpatient Follow-up,Routine chronic condition management and medication reconciliation,"Dr. Robert Harrison, MD (Internal Medicine)",Metro Boston Ambulatory Care Network,"Z00.00, I10, E78.5","Patient reviewed. Vitals stable. Encouraged lifestyle adherence, physical activity, and continued compliance with active pharmacy orders."
ENC-5062,PT-1015,2026-02-19,Outpatient Follow-up,Routine chronic condition management and medication reconciliation,"Dr. Robert Harrison, MD (Internal Medicine)",Metro Boston Ambulatory Care Network,"Z00.00, I10, E78.5","Patient reviewed. Vitals stable. Encouraged lifestyle adherence, physical activity, and continued compliance with active pharmacy orders."
ENC-5063,PT-1016,2026-04-30,Telehealth Video Consult,Routine chronic condition management and medication reconciliation,"Dr. Maria Gonzalez, MD (Nephrology)",Metro Boston Ambulatory Care Network,"Z00.00, I10, E78.5","Patient reviewed. Vitals stable. Encouraged lifestyle adherence, physical activity, and continued compliance with active pharmacy orders."
ENC-5064,PT-1016,2026-03-14,Routine Preventive,Routine chronic condition management and medication reconciliation,"Dr. Maria Gonzalez, MD (Nephrology)",Metro Boston Ambulatory Care Network,"Z00.00, I10, E78.5","Patient reviewed. Vitals stable. Encouraged lifestyle adherence, physical activity, and continued compliance with active pharmacy orders."
ENC-5065,PT-1016,2025-11-13,Telehealth Video Consult,Routine chronic condition management and medication reconciliation,"Dr. Maria Gonzalez, MD (Nephrology)",Metro Boston Ambulatory Care Network,"Z00.00, I10, E78.5","Patient reviewed. Vitals stable. Encouraged lifestyle adherence, physical activity, and continued compliance with active pharmacy orders."
ENC-5066,PT-1016,2026-08-15,Outpatient Follow-up,Routine chronic condition management and medication reconciliation,"Dr. Maria Gonzalez, MD (Nephrology)",Metro Boston Ambulatory Care Network,"Z00.00, I10, E78.5","Patient reviewed. Vitals stable. Encouraged lifestyle adherence, physical activity, and continued compliance with active pharmacy orders."
ENC-5067,PT-1017,2026-01-04,Telehealth Video Consult,Routine chronic condition management and medication reconciliation,"Dr. Anita Sharma, MD (Family Medicine)",Metro Boston Ambulatory Care Network,"Z00.00, I10, E78.5","Patient reviewed. Vitals stable. Encouraged lifestyle adherence, physical activity, and continued compliance with active pharmacy orders."
ENC-5068,PT-1017,2026-08-05,Telehealth Video Consult,Routine chronic condition management and medication reconciliation,"Dr. Anita Sharma, MD (Family Medicine)",Metro Boston Ambulatory Care Network,"Z00.00, I10, E78.5","Patient reviewed. Vitals stable. Encouraged lifestyle adherence, physical activity, and continued compliance with active pharmacy orders."
ENC-5069,PT-1017,2026-08-19,Outpatient Follow-up,Routine chronic condition management and medication reconciliation,"Dr. Anita Sharma, MD (Family Medicine)",Metro Boston Ambulatory Care Network,"Z00.00, I10, E78.5","Patient reviewed. Vitals stable. Encouraged lifestyle adherence, physical activity, and continued compliance with active pharmacy orders."
ENC-5070,PT-1017,2026-08-16,Outpatient Follow-up,Routine chronic condition management and medication reconciliation,"Dr. Anita Sharma, MD (Family Medicine)",Metro Boston Ambulatory Care Network,"Z00.00, I10, E78.5","Patient reviewed. Vitals stable. Encouraged lifestyle adherence, physical activity, and continued compliance with active pharmacy orders."
ENC-5071,PT-1017,2025-12-02,Outpatient Follow-up,Routine chronic condition management and medication reconciliation,"Dr. Anita Sharma, MD (Family Medicine)",Metro Boston Ambulatory Care Network,"Z00.00, I10, E78.5","Patient reviewed. Vitals stable. Encouraged lifestyle adherence, physical activity, and continued compliance with active pharmacy orders."
ENC-5072,PT-1018,2026-03-08,Routine Preventive,Routine chronic condition management and medication reconciliation,"Dr. Sarah Jenkins, MD (Endocrinology)",Metro Boston Ambulatory Care Network,"Z00.00, I10, E78.5","Patient reviewed. Vitals stable. Encouraged lifestyle adherence, physical activity, and continued compliance with active pharmacy orders."
ENC-5073,PT-1018,2026-04-20,Routine Preventive,Routine chronic condition management and medication reconciliation,"Dr. Sarah Jenkins, MD (Endocrinology)",Metro Boston Ambulatory Care Network,"Z00.00, I10, E78.5","Patient reviewed. Vitals stable. Encouraged lifestyle adherence, physical activity, and continued compliance with active pharmacy orders."
ENC-5074,PT-1018,2026-02-14,Telehealth Video Consult,Routine chronic condition management and medication reconciliation,"Dr. Sarah Jenkins, MD (Endocrinology)",Metro Boston Ambulatory Care Network,"Z00.00, I10, E78.5","Patient reviewed. Vitals stable. Encouraged lifestyle adherence, physical activity, and continued compliance with active pharmacy orders."
ENC-5075,PT-1018,2026-03-17,Routine Preventive,Routine chronic condition management and medication reconciliation,"Dr. Sarah Jenkins, MD (Endocrinology)",Metro Boston Ambulatory Care Network,"Z00.00, I10, E78.5","Patient reviewed. Vitals stable. Encouraged lifestyle adherence, physical activity, and continued compliance with active pharmacy orders."
ENC-5076,PT-1019,2025-12-15,Outpatient Follow-up,Routine chronic condition management and medication reconciliation,"Dr. Robert Harrison, MD (Internal Medicine)",Metro Boston Ambulatory Care Network,"Z00.00, I10, E78.5","Patient reviewed. Vitals stable. Encouraged lifestyle adherence, physical activity, and continued compliance with active pharmacy orders."
ENC-5077,PT-1019,2026-07-28,Outpatient Follow-up,Routine chronic condition management and medication reconciliation,"Dr. Robert Harrison, MD (Internal Medicine)",Metro Boston Ambulatory Care Network,"Z00.00, I10, E78.5","Patient reviewed. Vitals stable. Encouraged lifestyle adherence, physical activity, and continued compliance with active pharmacy orders."
ENC-5078,PT-1019,2025-12-01,Outpatient Follow-up,Routine chronic condition management and medication reconciliation,"Dr. Robert Harrison, MD (Internal Medicine)",Metro Boston Ambulatory Care Network,"Z00.00, I10, E78.5","Patient reviewed. Vitals stable. Encouraged lifestyle adherence, physical activity, and continued compliance with active pharmacy orders."
ENC-5079,PT-1019,2026-03-23,Telehealth Video Consult,Routine chronic condition management and medication reconciliation,"Dr. Robert Harrison, MD (Internal Medicine)",Metro Boston Ambulatory Care Network,"Z00.00, I10, E78.5","Patient reviewed. Vitals stable. Encouraged lifestyle adherence, physical activity, and continued compliance with active pharmacy orders."
ENC-5080,PT-1020,2026-06-13,Telehealth Video Consult,Routine chronic condition management and medication reconciliation,"Dr. Maria Gonzalez, MD (Nephrology)",Metro Boston Ambulatory Care Network,"Z00.00, I10, E78.5","Patient reviewed. Vitals stable. Encouraged lifestyle adherence, physical activity, and continued compliance with active pharmacy orders."
ENC-5081,PT-1020,2026-08-16,Telehealth Video Consult,Routine chronic condition management and medication reconciliation,"Dr. Maria Gonzalez, MD (Nephrology)",Metro Boston Ambulatory Care Network,"Z00.00, I10, E78.5","Patient reviewed. Vitals stable. Encouraged lifestyle adherence, physical activity, and continued compliance with active pharmacy orders."
ENC-5082,PT-1020,2025-10-27,Outpatient Follow-up,Routine chronic condition management and medication reconciliation,"Dr. Maria Gonzalez, MD (Nephrology)",Metro Boston Ambulatory Care Network,"Z00.00, I10, E78.5","Patient reviewed. Vitals stable. Encouraged lifestyle adherence, physical activity, and continued compliance with active pharmacy orders."
ENC-5083,PT-1020,2026-07-30,Telehealth Video Consult,Routine chronic condition management and medication reconciliation,"Dr. Maria Gonzalez, MD (Nephrology)",Metro Boston Ambulatory Care Network,"Z00.00, I10, E78.5","Patient reviewed. Vitals stable. Encouraged lifestyle adherence, physical activity, and continued compliance with active pharmacy orders."
ENC-5084,PT-1020,2025-12-18,Telehealth Video Consult,Routine chronic condition management and medication reconciliation,"Dr. Maria Gonzalez, MD (Nephrology)",Metro Boston Ambulatory Care Network,"Z00.00, I10, E78.5","Patient reviewed. Vitals stable. Encouraged lifestyle adherence, physical activity, and continued compliance with active pharmacy orders."
ENC-5085,PT-1021,2025-10-30,Telehealth Video Consult,Routine chronic condition management and medication reconciliation,"Dr. Robert Harrison, MD (Internal Medicine)",Metro Boston Ambulatory Care Network,"Z00.00, I10, E78.5","Patient reviewed. Vitals stable. Encouraged lifestyle adherence, physical activity, and continued compliance with active pharmacy orders."
ENC-5086,PT-1021,2026-07-04,Routine Preventive,Routine chronic condition management and medication reconciliation,"Dr. Robert Harrison, MD (Internal Medicine)",Metro Boston Ambulatory Care Network,"Z00.00, I10, E78.5","Patient reviewed. Vitals stable. Encouraged lifestyle adherence, physical activity, and continued compliance with active pharmacy orders."
ENC-5087,PT-1021,2026-03-05,Outpatient Follow-up,Routine chronic condition management and medication reconciliation,"Dr. Robert Harrison, MD (Internal Medicine)",Metro Boston Ambulatory Care Network,"Z00.00, I10, E78.5","Patient reviewed. Vitals stable. Encouraged lifestyle adherence, physical activity, and continued compliance with active pharmacy orders."
ENC-5088,PT-1022,2026-01-19,Outpatient Follow-up,Routine chronic condition management and medication reconciliation,"Dr. Maria Gonzalez, MD (Nephrology)",Metro Boston Ambulatory Care Network,"Z00.00, I10, E78.5","Patient reviewed. Vitals stable. Encouraged lifestyle adherence, physical activity, and continued compliance with active pharmacy orders."
ENC-5089,PT-1022,2025-11-17,Routine Preventive,Routine chronic condition management and medication reconciliation,"Dr. Maria Gonzalez, MD (Nephrology)",Metro Boston Ambulatory Care Network,"Z00.00, I10, E78.5","Patient reviewed. Vitals stable. Encouraged lifestyle adherence, physical activity, and continued compliance with active pharmacy orders."
ENC-5090,PT-1022,2026-03-30,Telehealth Video Consult,Routine chronic condition management and medication reconciliation,"Dr. Maria Gonzalez, MD (Nephrology)",Metro Boston Ambulatory Care Network,"Z00.00, I10, E78.5","Patient reviewed. Vitals stable. Encouraged lifestyle adherence, physical activity, and continued compliance with active pharmacy orders."
ENC-5091,PT-1023,2026-06-03,Outpatient Follow-up,Routine chronic condition management and medication reconciliation,"Dr. Maria Gonzalez, MD (Nephrology)",Metro Boston Ambulatory Care Network,"Z00.00, I10, E78.5","Patient reviewed. Vitals stable. Encouraged lifestyle adherence, physical activity, and continued compliance with active pharmacy orders."
ENC-5092,PT-1023,2026-04-25,Outpatient Follow-up,Routine chronic condition management and medication reconciliation,"Dr. Maria Gonzalez, MD (Nephrology)",Metro Boston Ambulatory Care Network,"Z00.00, I10, E78.5","Patient reviewed. Vitals stable. Encouraged lifestyle adherence, physical activity, and continued compliance with active pharmacy orders."
ENC-5093,PT-1024,2025-12-29,Routine Preventive,Routine chronic condition management and medication reconciliation,"Dr. Anita Sharma, MD (Family Medicine)",Metro Boston Ambulatory Care Network,"Z00.00, I10, E78.5","Patient reviewed. Vitals stable. Encouraged lifestyle adherence, physical activity, and continued compliance with active pharmacy orders."
ENC-5094,PT-1024,2026-01-18,Routine Preventive,Routine chronic condition management and medication reconciliation,"Dr. Anita Sharma, MD (Family Medicine)",Metro Boston Ambulatory Care Network,"Z00.00, I10, E78.5","Patient reviewed. Vitals stable. Encouraged lifestyle adherence, physical activity, and continued compliance with active pharmacy orders."
ENC-5095,PT-1024,2026-07-24,Telehealth Video Consult,Routine chronic condition management and medication reconciliation,"Dr. Anita Sharma, MD (Family Medicine)",Metro Boston Ambulatory Care Network,"Z00.00, I10, E78.5","Patient reviewed. Vitals stable. Encouraged lifestyle adherence, physical activity, and continued compliance with active pharmacy orders."
ENC-5096,PT-1024,2025-09-30,Outpatient Follow-up,Routine chronic condition management and medication reconciliation,"Dr. Anita Sharma, MD (Family Medicine)",Metro Boston Ambulatory Care Network,"Z00.00, I10, E78.5","Patient reviewed. Vitals stable. Encouraged lifestyle adherence, physical activity, and continued compliance with active pharmacy orders."
ENC-5097,PT-1025,2026-06-18,Telehealth Video Consult,Routine chronic condition management and medication reconciliation,"Dr. David Kim, MD (Cardiology)",Metro Boston Ambulatory Care Network,"Z00.00, I10, E78.5","Patient reviewed. Vitals stable. Encouraged lifestyle adherence, physical activity, and continued compliance with active pharmacy orders."
ENC-5098,PT-1025,2026-03-05,Telehealth Video Consult,Routine chronic condition management and medication reconciliation,"Dr. David Kim, MD (Cardiology)",Metro Boston Ambulatory Care Network,"Z00.00, I10, E78.5","Patient reviewed. Vitals stable. Encouraged lifestyle adherence, physical activity, and continued compliance with active pharmacy orders."
ENC-5099,PT-1025,2026-06-27,Routine Preventive,Routine chronic condition management and medication reconciliation,"Dr. David Kim, MD (Cardiology)",Metro Boston Ambulatory Care Network,"Z00.00, I10, E78.5","Patient reviewed. Vitals stable. Encouraged lifestyle adherence, physical activity, and continued compliance with active pharmacy orders."
ENC-5100,PT-1025,2026-03-06,Telehealth Video Consult,Routine chronic condition management and medication reconciliation,"Dr. David Kim, MD (Cardiology)",Metro Boston Ambulatory Care Network,"Z00.00, I10, E78.5","Patient reviewed. Vitals stable. Encouraged lifestyle adherence, physical activity, and continued compliance with active pharmacy orders."
ENC-5101,PT-1026,2025-10-28,Routine Preventive,Routine chronic condition management and medication reconciliation,"Dr. Maria Gonzalez, MD (Nephrology)",Metro Boston Ambulatory Care Network,"Z00.00, I10, E78.5","Patient reviewed. Vitals stable. Encouraged lifestyle adherence, physical activity, and continued compliance with active pharmacy orders."
ENC-5102,PT-1026,2026-01-04,Telehealth Video Consult,Routine chronic condition management and medication reconciliation,"Dr. Maria Gonzalez, MD (Nephrology)",Metro Boston Ambulatory Care Network,"Z00.00, I10, E78.5","Patient reviewed. Vitals stable. Encouraged lifestyle adherence, physical activity, and continued compliance with active pharmacy orders."
ENC-5103,PT-1026,2025-11-16,Routine Preventive,Routine chronic condition management and medication reconciliation,"Dr. Maria Gonzalez, MD (Nephrology)",Metro Boston Ambulatory Care Network,"Z00.00, I10, E78.5","Patient reviewed. Vitals stable. Encouraged lifestyle adherence, physical activity, and continued compliance with active pharmacy orders."
ENC-5104,PT-1027,2026-01-19,Outpatient Follow-up,Routine chronic condition management and medication reconciliation,"Dr. David Kim, MD (Cardiology)",Metro Boston Ambulatory Care Network,"Z00.00, I10, E78.5","Patient reviewed. Vitals stable. Encouraged lifestyle adherence, physical activity, and continued compliance with active pharmacy orders."
ENC-5105,PT-1027,2026-07-03,Telehealth Video Consult,Routine chronic condition management and medication reconciliation,"Dr. David Kim, MD (Cardiology)",Metro Boston Ambulatory Care Network,"Z00.00, I10, E78.5","Patient reviewed. Vitals stable. Encouraged lifestyle adherence, physical activity, and continued compliance with active pharmacy orders."
ENC-5106,PT-1028,2026-01-28,Telehealth Video Consult,Routine chronic condition management and medication reconciliation,"Dr. Robert Harrison, MD (Internal Medicine)",Metro Boston Ambulatory Care Network,"Z00.00, I10, E78.5","Patient reviewed. Vitals stable. Encouraged lifestyle adherence, physical activity, and continued compliance with active pharmacy orders."
ENC-5107,PT-1028,2026-07-05,Telehealth Video Consult,Routine chronic condition management and medication reconciliation,"Dr. Robert Harrison, MD (Internal Medicine)",Metro Boston Ambulatory Care Network,"Z00.00, I10, E78.5","Patient reviewed. Vitals stable. Encouraged lifestyle adherence, physical activity, and continued compliance with active pharmacy orders."
ENC-5108,PT-1028,2026-06-16,Outpatient Follow-up,Routine chronic condition management and medication reconciliation,"Dr. Robert Harrison, MD (Internal Medicine)",Metro Boston Ambulatory Care Network,"Z00.00, I10, E78.5","Patient reviewed. Vitals stable. Encouraged lifestyle adherence, physical activity, and continued compliance with active pharmacy orders."
ENC-5109,PT-1029,2025-12-15,Outpatient Follow-up,Routine chronic condition management and medication reconciliation,"Dr. David Kim, MD (Cardiology)",Metro Boston Ambulatory Care Network,"Z00.00, I10, E78.5","Patient reviewed. Vitals stable. Encouraged lifestyle adherence, physical activity, and continued compliance with active pharmacy orders."
ENC-5110,PT-1029,2026-05-29,Telehealth Video Consult,Routine chronic condition management and medication reconciliation,"Dr. David Kim, MD (Cardiology)",Metro Boston Ambulatory Care Network,"Z00.00, I10, E78.5","Patient reviewed. Vitals stable. Encouraged lifestyle adherence, physical activity, and continued compliance with active pharmacy orders."
ENC-5111,PT-1029,2026-07-04,Telehealth Video Consult,Routine chronic condition management and medication reconciliation,"Dr. David Kim, MD (Cardiology)",Metro Boston Ambulatory Care Network,"Z00.00, I10, E78.5","Patient reviewed. Vitals stable. Encouraged lifestyle adherence, physical activity, and continued compliance with active pharmacy orders."
ENC-5112,PT-1029,2025-12-23,Telehealth Video Consult,Routine chronic condition management and medication reconciliation,"Dr. David Kim, MD (Cardiology)",Metro Boston Ambulatory Care Network,"Z00.00, I10, E78.5","Patient reviewed. Vitals stable. Encouraged lifestyle adherence, physical activity, and continued compliance with active pharmacy orders."
ENC-5113,PT-1030,2025-10-04,Telehealth Video Consult,Routine chronic condition management and medication reconciliation,"Dr. David Kim, MD (Cardiology)",Metro Boston Ambulatory Care Network,"Z00.00, I10, E78.5","Patient reviewed. Vitals stable. Encouraged lifestyle adherence, physical activity, and continued compliance with active pharmacy orders."
ENC-5114,PT-1030,2025-11-22,Routine Preventive,Routine chronic condition management and medication reconciliation,"Dr. David Kim, MD (Cardiology)",Metro Boston Ambulatory Care Network,"Z00.00, I10, E78.5","Patient reviewed. Vitals stable. Encouraged lifestyle adherence, physical activity, and continued compliance with active pharmacy orders."
ENC-5115,PT-1030,2026-07-27,Routine Preventive,Routine chronic condition management and medication reconciliation,"Dr. David Kim, MD (Cardiology)",Metro Boston Ambulatory Care Network,"Z00.00, I10, E78.5","Patient reviewed. Vitals stable. Encouraged lifestyle adherence, physical activity, and continued compliance with active pharmacy orders."
ENC-5116,PT-1031,2025-11-18,Outpatient Follow-up,Routine chronic condition management and medication reconciliation,"Dr. Robert Harrison, MD (Internal Medicine)",Metro Boston Ambulatory Care Network,"Z00.00, I10, E78.5","Patient reviewed. Vitals stable. Encouraged lifestyle adherence, physical activity, and continued compliance with active pharmacy orders."
ENC-5117,PT-1031,2025-12-26,Telehealth Video Consult,Routine chronic condition management and medication reconciliation,"Dr. Robert Harrison, MD (Internal Medicine)",Metro Boston Ambulatory Care Network,"Z00.00, I10, E78.5","Patient reviewed. Vitals stable. Encouraged lifestyle adherence, physical activity, and continued compliance with active pharmacy orders."
ENC-5118,PT-1031,2026-01-02,Routine Preventive,Routine chronic condition management and medication reconciliation,"Dr. Robert Harrison, MD (Internal Medicine)",Metro Boston Ambulatory Care Network,"Z00.00, I10, E78.5","Patient reviewed. Vitals stable. Encouraged lifestyle adherence, physical activity, and continued compliance with active pharmacy orders."
ENC-5119,PT-1032,2026-01-17,Routine Preventive,Routine chronic condition management and medication reconciliation,"Dr. Robert Harrison, MD (Internal Medicine)",Metro Boston Ambulatory Care Network,"Z00.00, I10, E78.5","Patient reviewed. Vitals stable. Encouraged lifestyle adherence, physical activity, and continued compliance with active pharmacy orders."
ENC-5120,PT-1032,2026-01-24,Outpatient Follow-up,Routine chronic condition management and medication reconciliation,"Dr. Robert Harrison, MD (Internal Medicine)",Metro Boston Ambulatory Care Network,"Z00.00, I10, E78.5","Patient reviewed. Vitals stable. Encouraged lifestyle adherence, physical activity, and continued compliance with active pharmacy orders."
ENC-5121,PT-1032,2026-03-16,Telehealth Video Consult,Routine chronic condition management and medication reconciliation,"Dr. Robert Harrison, MD (Internal Medicine)",Metro Boston Ambulatory Care Network,"Z00.00, I10, E78.5","Patient reviewed. Vitals stable. Encouraged lifestyle adherence, physical activity, and continued compliance with active pharmacy orders."
ENC-5122,PT-1032,2026-03-14,Outpatient Follow-up,Routine chronic condition management and medication reconciliation,"Dr. Robert Harrison, MD (Internal Medicine)",Metro Boston Ambulatory Care Network,"Z00.00, I10, E78.5","Patient reviewed. Vitals stable. Encouraged lifestyle adherence, physical activity, and continued compliance with active pharmacy orders."
ENC-5123,PT-1033,2026-03-27,Routine Preventive,Routine chronic condition management and medication reconciliation,"Dr. David Kim, MD (Cardiology)",Metro Boston Ambulatory Care Network,"Z00.00, I10, E78.5","Patient reviewed. Vitals stable. Encouraged lifestyle adherence, physical activity, and continued compliance with active pharmacy orders."
ENC-5124,PT-1033,2026-01-19,Routine Preventive,Routine chronic condition management and medication reconciliation,"Dr. David Kim, MD (Cardiology)",Metro Boston Ambulatory Care Network,"Z00.00, I10, E78.5","Patient reviewed. Vitals stable. Encouraged lifestyle adherence, physical activity, and continued compliance with active pharmacy orders."
ENC-5125,PT-1034,2026-02-22,Telehealth Video Consult,Routine chronic condition management and medication reconciliation,"Dr. Robert Harrison, MD (Internal Medicine)",Metro Boston Ambulatory Care Network,"Z00.00, I10, E78.5","Patient reviewed. Vitals stable. Encouraged lifestyle adherence, physical activity, and continued compliance with active pharmacy orders."
ENC-5126,PT-1034,2026-03-23,Telehealth Video Consult,Routine chronic condition management and medication reconciliation,"Dr. Robert Harrison, MD (Internal Medicine)",Metro Boston Ambulatory Care Network,"Z00.00, I10, E78.5","Patient reviewed. Vitals stable. Encouraged lifestyle adherence, physical activity, and continued compliance with active pharmacy orders."
ENC-5127,PT-1034,2026-06-17,Outpatient Follow-up,Routine chronic condition management and medication reconciliation,"Dr. Robert Harrison, MD (Internal Medicine)",Metro Boston Ambulatory Care Network,"Z00.00, I10, E78.5","Patient reviewed. Vitals stable. Encouraged lifestyle adherence, physical activity, and continued compliance with active pharmacy orders."
ENC-5128,PT-1034,2025-12-25,Outpatient Follow-up,Routine chronic condition management and medication reconciliation,"Dr. Robert Harrison, MD (Internal Medicine)",Metro Boston Ambulatory Care Network,"Z00.00, I10, E78.5","Patient reviewed. Vitals stable. Encouraged lifestyle adherence, physical activity, and continued compliance with active pharmacy orders."
ENC-5129,PT-1035,2025-12-22,Outpatient Follow-up,Routine chronic condition management and medication reconciliation,"Dr. Sarah Jenkins, MD (Endocrinology)",Metro Boston Ambulatory Care Network,"Z00.00, I10, E78.5","Patient reviewed. Vitals stable. Encouraged lifestyle adherence, physical activity, and continued compliance with active pharmacy orders."
ENC-5130,PT-1035,2025-11-12,Outpatient Follow-up,Routine chronic condition management and medication reconciliation,"Dr. Sarah Jenkins, MD (Endocrinology)",Metro Boston Ambulatory Care Network,"Z00.00, I10, E78.5","Patient reviewed. Vitals stable. Encouraged lifestyle adherence, physical activity, and continued compliance with active pharmacy orders."
ENC-5131,PT-1035,2025-12-27,Telehealth Video Consult,Routine chronic condition management and medication reconciliation,"Dr. Sarah Jenkins, MD (Endocrinology)",Metro Boston Ambulatory Care Network,"Z00.00, I10, E78.5","Patient reviewed. Vitals stable. Encouraged lifestyle adherence, physical activity, and continued compliance with active pharmacy orders."
ENC-5132,PT-1035,2026-04-13,Telehealth Video Consult,Routine chronic condition management and medication reconciliation,"Dr. Sarah Jenkins, MD (Endocrinology)",Metro Boston Ambulatory Care Network,"Z00.00, I10, E78.5","Patient reviewed. Vitals stable. Encouraged lifestyle adherence, physical activity, and continued compliance with active pharmacy orders."
ENC-5133,PT-1035,2026-01-29,Routine Preventive,Routine chronic condition management and medication reconciliation,"Dr. Sarah Jenkins, MD (Endocrinology)",Metro Boston Ambulatory Care Network,"Z00.00, I10, E78.5","Patient reviewed. Vitals stable. Encouraged lifestyle adherence, physical activity, and continued compliance with active pharmacy orders."
ENC-5134,PT-1036,2026-03-03,Routine Preventive,Routine chronic condition management and medication reconciliation,"Dr. David Kim, MD (Cardiology)",Metro Boston Ambulatory Care Network,"Z00.00, I10, E78.5","Patient reviewed. Vitals stable. Encouraged lifestyle adherence, physical activity, and continued compliance with active pharmacy orders."
ENC-5135,PT-1036,2026-03-05,Telehealth Video Consult,Routine chronic condition management and medication reconciliation,"Dr. David Kim, MD (Cardiology)",Metro Boston Ambulatory Care Network,"Z00.00, I10, E78.5","Patient reviewed. Vitals stable. Encouraged lifestyle adherence, physical activity, and continued compliance with active pharmacy orders."
ENC-5136,PT-1036,2025-12-22,Outpatient Follow-up,Routine chronic condition management and medication reconciliation,"Dr. David Kim, MD (Cardiology)",Metro Boston Ambulatory Care Network,"Z00.00, I10, E78.5","Patient reviewed. Vitals stable. Encouraged lifestyle adherence, physical activity, and continued compliance with active pharmacy orders."
ENC-5137,PT-1036,2025-10-22,Telehealth Video Consult,Routine chronic condition management and medication reconciliation,"Dr. David Kim, MD (Cardiology)",Metro Boston Ambulatory Care Network,"Z00.00, I10, E78.5","Patient reviewed. Vitals stable. Encouraged lifestyle adherence, physical activity, and continued compliance with active pharmacy orders."
ENC-5138,PT-1036,2026-07-19,Outpatient Follow-up,Routine chronic condition management and medication reconciliation,"Dr. David Kim, MD (Cardiology)",Metro Boston Ambulatory Care Network,"Z00.00, I10, E78.5","Patient reviewed. Vitals stable. Encouraged lifestyle adherence, physical activity, and continued compliance with active pharmacy orders."
ENC-5139,PT-1037,2026-06-25,Routine Preventive,Routine chronic condition management and medication reconciliation,"Dr. Maria Gonzalez, MD (Nephrology)",Metro Boston Ambulatory Care Network,"Z00.00, I10, E78.5","Patient reviewed. Vitals stable. Encouraged lifestyle adherence, physical activity, and continued compliance with active pharmacy orders."
ENC-5140,PT-1037,2025-12-24,Routine Preventive,Routine chronic condition management and medication reconciliation,"Dr. Maria Gonzalez, MD (Nephrology)",Metro Boston Ambulatory Care Network,"Z00.00, I10, E78.5","Patient reviewed. Vitals stable. Encouraged lifestyle adherence, physical activity, and continued compliance with active pharmacy orders."
ENC-5141,PT-1037,2026-03-20,Outpatient Follow-up,Routine chronic condition management and medication reconciliation,"Dr. Maria Gonzalez, MD (Nephrology)",Metro Boston Ambulatory Care Network,"Z00.00, I10, E78.5","Patient reviewed. Vitals stable. Encouraged lifestyle adherence, physical activity, and continued compliance with active pharmacy orders."
ENC-5142,PT-1037,2025-10-31,Telehealth Video Consult,Routine chronic condition management and medication reconciliation,"Dr. Maria Gonzalez, MD (Nephrology)",Metro Boston Ambulatory Care Network,"Z00.00, I10, E78.5","Patient reviewed. Vitals stable. Encouraged lifestyle adherence, physical activity, and continued compliance with active pharmacy orders."
ENC-5143,PT-1038,2026-02-17,Telehealth Video Consult,Routine chronic condition management and medication reconciliation,"Dr. Maria Gonzalez, MD (Nephrology)",Metro Boston Ambulatory Care Network,"Z00.00, I10, E78.5","Patient reviewed. Vitals stable. Encouraged lifestyle adherence, physical activity, and continued compliance with active pharmacy orders."
ENC-5144,PT-1038,2025-11-07,Outpatient Follow-up,Routine chronic condition management and medication reconciliation,"Dr. Maria Gonzalez, MD (Nephrology)",Metro Boston Ambulatory Care Network,"Z00.00, I10, E78.5","Patient reviewed. Vitals stable. Encouraged lifestyle adherence, physical activity, and continued compliance with active pharmacy orders."
ENC-5145,PT-1038,2025-11-22,Outpatient Follow-up,Routine chronic condition management and medication reconciliation,"Dr. Maria Gonzalez, MD (Nephrology)",Metro Boston Ambulatory Care Network,"Z00.00, I10, E78.5","Patient reviewed. Vitals stable. Encouraged lifestyle adherence, physical activity, and continued compliance with active pharmacy orders."
ENC-5146,PT-1039,2026-03-21,Telehealth Video Consult,Routine chronic condition management and medication reconciliation,"Dr. David Kim, MD (Cardiology)",Metro Boston Ambulatory Care Network,"Z00.00, I10, E78.5","Patient reviewed. Vitals stable. Encouraged lifestyle adherence, physical activity, and continued compliance with active pharmacy orders."
ENC-5147,PT-1039,2025-11-12,Outpatient Follow-up,Routine chronic condition management and medication reconciliation,"Dr. David Kim, MD (Cardiology)",Metro Boston Ambulatory Care Network,"Z00.00, I10, E78.5","Patient reviewed. Vitals stable. Encouraged lifestyle adherence, physical activity, and continued compliance with active pharmacy orders."
ENC-5148,PT-1039,2025-11-05,Outpatient Follow-up,Routine chronic condition management and medication reconciliation,"Dr. David Kim, MD (Cardiology)",Metro Boston Ambulatory Care Network,"Z00.00, I10, E78.5","Patient reviewed. Vitals stable. Encouraged lifestyle adherence, physical activity, and continued compliance with active pharmacy orders."
ENC-5149,PT-1039,2026-08-11,Telehealth Video Consult,Routine chronic condition management and medication reconciliation,"Dr. David Kim, MD (Cardiology)",Metro Boston Ambulatory Care Network,"Z00.00, I10, E78.5","Patient reviewed. Vitals stable. Encouraged lifestyle adherence, physical activity, and continued compliance with active pharmacy orders."
ENC-5150,PT-1040,2026-05-05,Routine Preventive,Routine chronic condition management and medication reconciliation,"Dr. Sarah Jenkins, MD (Endocrinology)",Metro Boston Ambulatory Care Network,"Z00.00, I10, E78.5","Patient reviewed. Vitals stable. Encouraged lifestyle adherence, physical activity, and continued compliance with active pharmacy orders."
ENC-5151,PT-1040,2026-06-01,Routine Preventive,Routine chronic condition management and medication reconciliation,"Dr. Sarah Jenkins, MD (Endocrinology)",Metro Boston Ambulatory Care Network,"Z00.00, I10, E78.5","Patient reviewed. Vitals stable. Encouraged lifestyle adherence, physical activity, and continued compliance with active pharmacy orders."
ENC-5152,PT-1040,2026-06-21,Outpatient Follow-up,Routine chronic condition management and medication reconciliation,"Dr. Sarah Jenkins, MD (Endocrinology)",Metro Boston Ambulatory Care Network,"Z00.00, I10, E78.5","Patient reviewed. Vitals stable. Encouraged lifestyle adherence, physical activity, and continued compliance with active pharmacy orders."
ENC-5153,PT-1041,2026-08-06,Telehealth Video Consult,Routine chronic condition management and medication reconciliation,"Dr. David Kim, MD (Cardiology)",Metro Boston Ambulatory Care Network,"Z00.00, I10, E78.5","Patient reviewed. Vitals stable. Encouraged lifestyle adherence, physical activity, and continued compliance with active pharmacy orders."
ENC-5154,PT-1041,2025-11-23,Outpatient Follow-up,Routine chronic condition management and medication reconciliation,"Dr. David Kim, MD (Cardiology)",Metro Boston Ambulatory Care Network,"Z00.00, I10, E78.5","Patient reviewed. Vitals stable. Encouraged lifestyle adherence, physical activity, and continued compliance with active pharmacy orders."
ENC-5155,PT-1041,2025-12-11,Outpatient Follow-up,Routine chronic condition management and medication reconciliation,"Dr. David Kim, MD (Cardiology)",Metro Boston Ambulatory Care Network,"Z00.00, I10, E78.5","Patient reviewed. Vitals stable. Encouraged lifestyle adherence, physical activity, and continued compliance with active pharmacy orders."
ENC-5156,PT-1041,2026-01-14,Telehealth Video Consult,Routine chronic condition management and medication reconciliation,"Dr. David Kim, MD (Cardiology)",Metro Boston Ambulatory Care Network,"Z00.00, I10, E78.5","Patient reviewed. Vitals stable. Encouraged lifestyle adherence, physical activity, and continued compliance with active pharmacy orders."
ENC-5157,PT-1041,2025-10-12,Telehealth Video Consult,Routine chronic condition management and medication reconciliation,"Dr. David Kim, MD (Cardiology)",Metro Boston Ambulatory Care Network,"Z00.00, I10, E78.5","Patient reviewed. Vitals stable. Encouraged lifestyle adherence, physical activity, and continued compliance with active pharmacy orders."
ENC-5158,PT-1042,2026-05-03,Outpatient Follow-up,Routine chronic condition management and medication reconciliation,"Dr. Anita Sharma, MD (Family Medicine)",Metro Boston Ambulatory Care Network,"Z00.00, I10, E78.5","Patient reviewed. Vitals stable. Encouraged lifestyle adherence, physical activity, and continued compliance with active pharmacy orders."
ENC-5159,PT-1042,2026-04-07,Outpatient Follow-up,Routine chronic condition management and medication reconciliation,"Dr. Anita Sharma, MD (Family Medicine)",Metro Boston Ambulatory Care Network,"Z00.00, I10, E78.5","Patient reviewed. Vitals stable. Encouraged lifestyle adherence, physical activity, and continued compliance with active pharmacy orders."
ENC-5160,PT-1042,2026-03-28,Outpatient Follow-up,Routine chronic condition management and medication reconciliation,"Dr. Anita Sharma, MD (Family Medicine)",Metro Boston Ambulatory Care Network,"Z00.00, I10, E78.5","Patient reviewed. Vitals stable. Encouraged lifestyle adherence, physical activity, and continued compliance with active pharmacy orders."
ENC-5161,PT-1043,2026-07-06,Telehealth Video Consult,Routine chronic condition management and medication reconciliation,"Dr. Maria Gonzalez, MD (Nephrology)",Metro Boston Ambulatory Care Network,"Z00.00, I10, E78.5","Patient reviewed. Vitals stable. Encouraged lifestyle adherence, physical activity, and continued compliance with active pharmacy orders."
ENC-5162,PT-1043,2026-02-16,Outpatient Follow-up,Routine chronic condition management and medication reconciliation,"Dr. Maria Gonzalez, MD (Nephrology)",Metro Boston Ambulatory Care Network,"Z00.00, I10, E78.5","Patient reviewed. Vitals stable. Encouraged lifestyle adherence, physical activity, and continued compliance with active pharmacy orders."
ENC-5163,PT-1043,2026-04-11,Routine Preventive,Routine chronic condition management and medication reconciliation,"Dr. Maria Gonzalez, MD (Nephrology)",Metro Boston Ambulatory Care Network,"Z00.00, I10, E78.5","Patient reviewed. Vitals stable. Encouraged lifestyle adherence, physical activity, and continued compliance with active pharmacy orders."
ENC-5164,PT-1043,2026-03-13,Outpatient Follow-up,Routine chronic condition management and medication reconciliation,"Dr. Maria Gonzalez, MD (Nephrology)",Metro Boston Ambulatory Care Network,"Z00.00, I10, E78.5","Patient reviewed. Vitals stable. Encouraged lifestyle adherence, physical activity, and continued compliance with active pharmacy orders."
ENC-5165,PT-1044,2026-05-26,Telehealth Video Consult,Routine chronic condition management and medication reconciliation,"Dr. Maria Gonzalez, MD (Nephrology)",Metro Boston Ambulatory Care Network,"Z00.00, I10, E78.5","Patient reviewed. Vitals stable. Encouraged lifestyle adherence, physical activity, and continued compliance with active pharmacy orders."
ENC-5166,PT-1044,2026-06-28,Routine Preventive,Routine chronic condition management and medication reconciliation,"Dr. Maria Gonzalez, MD (Nephrology)",Metro Boston Ambulatory Care Network,"Z00.00, I10, E78.5","Patient reviewed. Vitals stable. Encouraged lifestyle adherence, physical activity, and continued compliance with active pharmacy orders."
ENC-5167,PT-1044,2026-05-05,Routine Preventive,Routine chronic condition management and medication reconciliation,"Dr. Maria Gonzalez, MD (Nephrology)",Metro Boston Ambulatory Care Network,"Z00.00, I10, E78.5","Patient reviewed. Vitals stable. Encouraged lifestyle adherence, physical activity, and continued compliance with active pharmacy orders."
ENC-5168,PT-1045,2026-08-11,Routine Preventive,Routine chronic condition management and medication reconciliation,"Dr. Anita Sharma, MD (Family Medicine)",Metro Boston Ambulatory Care Network,"Z00.00, I10, E78.5","Patient reviewed. Vitals stable. Encouraged lifestyle adherence, physical activity, and continued compliance with active pharmacy orders."
ENC-5169,PT-1045,2026-07-17,Telehealth Video Consult,Routine chronic condition management and medication reconciliation,"Dr. Anita Sharma, MD (Family Medicine)",Metro Boston Ambulatory Care Network,"Z00.00, I10, E78.5","Patient reviewed. Vitals stable. Encouraged lifestyle adherence, physical activity, and continued compliance with active pharmacy orders."
ENC-5170,PT-1045,2025-11-29,Routine Preventive,Routine chronic condition management and medication reconciliation,"Dr. Anita Sharma, MD (Family Medicine)",Metro Boston Ambulatory Care Network,"Z00.00, I10, E78.5","Patient reviewed. Vitals stable. Encouraged lifestyle adherence, physical activity, and continued compliance with active pharmacy orders."
ENC-5171,PT-1046,2025-10-08,Routine Preventive,Routine chronic condition management and medication reconciliation,"Dr. Anita Sharma, MD (Family Medicine)",Metro Boston Ambulatory Care Network,"Z00.00, I10, E78.5","Patient reviewed. Vitals stable. Encouraged lifestyle adherence, physical activity, and continued compliance with active pharmacy orders."
ENC-5172,PT-1046,2026-03-26,Outpatient Follow-up,Routine chronic condition management and medication reconciliation,"Dr. Anita Sharma, MD (Family Medicine)",Metro Boston Ambulatory Care Network,"Z00.00, I10, E78.5","Patient reviewed. Vitals stable. Encouraged lifestyle adherence, physical activity, and continued compliance with active pharmacy orders."
ENC-5173,PT-1046,2025-10-08,Telehealth Video Consult,Routine chronic condition management and medication reconciliation,"Dr. Anita Sharma, MD (Family Medicine)",Metro Boston Ambulatory Care Network,"Z00.00, I10, E78.5","Patient reviewed. Vitals stable. Encouraged lifestyle adherence, physical activity, and continued compliance with active pharmacy orders."
ENC-5174,PT-1046,2026-06-09,Outpatient Follow-up,Routine chronic condition management and medication reconciliation,"Dr. Anita Sharma, MD (Family Medicine)",Metro Boston Ambulatory Care Network,"Z00.00, I10, E78.5","Patient reviewed. Vitals stable. Encouraged lifestyle adherence, physical activity, and continued compliance with active pharmacy orders."
ENC-5175,PT-1046,2026-08-19,Outpatient Follow-up,Routine chronic condition management and medication reconciliation,"Dr. Anita Sharma, MD (Family Medicine)",Metro Boston Ambulatory Care Network,"Z00.00, I10, E78.5","Patient reviewed. Vitals stable. Encouraged lifestyle adherence, physical activity, and continued compliance with active pharmacy orders."
ENC-5176,PT-1047,2026-08-18,Routine Preventive,Routine chronic condition management and medication reconciliation,"Dr. Robert Harrison, MD (Internal Medicine)",Metro Boston Ambulatory Care Network,"Z00.00, I10, E78.5","Patient reviewed. Vitals stable. Encouraged lifestyle adherence, physical activity, and continued compliance with active pharmacy orders."
ENC-5177,PT-1047,2026-03-19,Outpatient Follow-up,Routine chronic condition management and medication reconciliation,"Dr. Robert Harrison, MD (Internal Medicine)",Metro Boston Ambulatory Care Network,"Z00.00, I10, E78.5","Patient reviewed. Vitals stable. Encouraged lifestyle adherence, physical activity, and continued compliance with active pharmacy orders."
ENC-5178,PT-1047,2026-06-30,Telehealth Video Consult,Routine chronic condition management and medication reconciliation,"Dr. Robert Harrison, MD (Internal Medicine)",Metro Boston Ambulatory Care Network,"Z00.00, I10, E78.5","Patient reviewed. Vitals stable. Encouraged lifestyle adherence, physical activity, and continued compliance with active pharmacy orders."
ENC-5179,PT-1047,2026-07-11,Outpatient Follow-up,Routine chronic condition management and medication reconciliation,"Dr. Robert Harrison, MD (Internal Medicine)",Metro Boston Ambulatory Care Network,"Z00.00, I10, E78.5","Patient reviewed. Vitals stable. Encouraged lifestyle adherence, physical activity, and continued compliance with active pharmacy orders."
ENC-5180,PT-1048,2026-06-03,Routine Preventive,Routine chronic condition management and medication reconciliation,"Dr. Maria Gonzalez, MD (Nephrology)",Metro Boston Ambulatory Care Network,"Z00.00, I10, E78.5","Patient reviewed. Vitals stable. Encouraged lifestyle adherence, physical activity, and continued compliance with active pharmacy orders."
ENC-5181,PT-1048,2025-11-20,Telehealth Video Consult,Routine chronic condition management and medication reconciliation,"Dr. Maria Gonzalez, MD (Nephrology)",Metro Boston Ambulatory Care Network,"Z00.00, I10, E78.5","Patient reviewed. Vitals stable. Encouraged lifestyle adherence, physical activity, and continued compliance with active pharmacy orders."
ENC-5182,PT-1048,2025-10-29,Telehealth Video Consult,Routine chronic condition management and medication reconciliation,"Dr. Maria Gonzalez, MD (Nephrology)",Metro Boston Ambulatory Care Network,"Z00.00, I10, E78.5","Patient reviewed. Vitals stable. Encouraged lifestyle adherence, physical activity, and continued compliance with active pharmacy orders."
ENC-5183,PT-1048,2025-12-17,Outpatient Follow-up,Routine chronic condition management and medication reconciliation,"Dr. Maria Gonzalez, MD (Nephrology)",Metro Boston Ambulatory Care Network,"Z00.00, I10, E78.5","Patient reviewed. Vitals stable. Encouraged lifestyle adherence, physical activity, and continued compliance with active pharmacy orders."
ENC-5184,PT-1049,2026-06-27,Outpatient Follow-up,Routine chronic condition management and medication reconciliation,"Dr. Maria Gonzalez, MD (Nephrology)",Metro Boston Ambulatory Care Network,"Z00.00, I10, E78.5","Patient reviewed. Vitals stable. Encouraged lifestyle adherence, physical activity, and continued compliance with active pharmacy orders."
ENC-5185,PT-1049,2026-09-03,Outpatient Follow-up,Routine chronic condition management and medication reconciliation,"Dr. Maria Gonzalez, MD (Nephrology)",Metro Boston Ambulatory Care Network,"Z00.00, I10, E78.5","Patient reviewed. Vitals stable. Encouraged lifestyle adherence, physical activity, and continued compliance with active pharmacy orders."
ENC-5186,PT-1049,2026-04-23,Outpatient Follow-up,Routine chronic condition management and medication reconciliation,"Dr. Maria Gonzalez, MD (Nephrology)",Metro Boston Ambulatory Care Network,"Z00.00, I10, E78.5","Patient reviewed. Vitals stable. Encouraged lifestyle adherence, physical activity, and continued compliance with active pharmacy orders."
ENC-5187,PT-1050,2025-10-07,Outpatient Follow-up,Routine chronic condition management and medication reconciliation,"Dr. Maria Gonzalez, MD (Nephrology)",Metro Boston Ambulatory Care Network,"Z00.00, I10, E78.5","Patient reviewed. Vitals stable. Encouraged lifestyle adherence, physical activity, and continued compliance with active pharmacy orders."
ENC-5188,PT-1050,2025-09-30,Routine Preventive,Routine chronic condition management and medication reconciliation,"Dr. Maria Gonzalez, MD (Nephrology)",Metro Boston Ambulatory Care Network,"Z00.00, I10, E78.5","Patient reviewed. Vitals stable. Encouraged lifestyle adherence, physical activity, and continued compliance with active pharmacy orders."
ENC-5189,PT-1050,2026-02-11,Telehealth Video Consult,Routine chronic condition management and medication reconciliation,"Dr. Maria Gonzalez, MD (Nephrology)",Metro Boston Ambulatory Care Network,"Z00.00, I10, E78.5","Patient reviewed. Vitals stable. Encouraged lifestyle adherence, physical activity, and continued compliance with active pharmacy orders."
ENC-5190,PT-1050,2026-07-08,Telehealth Video Consult,Routine chronic condition management and medication reconciliation,"Dr. Maria Gonzalez, MD (Nephrology)",Metro Boston Ambulatory Care Network,"Z00.00, I10, E78.5","Patient reviewed. Vitals stable. Encouraged lifestyle adherence, physical activity, and continued compliance with active pharmacy orders."
