PRESCRIPTION_EVENT_ID,PATIENT_TOKEN,PRESCRIBING_NPI,ENCOUNTER_ID,AUTHORED_DATE,ICD10_PRIMARY_DIAGNOSIS,RXNORM_CUI,NDC_CODE,DRUG_BRAND,DRUG_CLASS,DOSAGE_MAGNITUDE,DOSAGE_UNIT,FREQUENCY_DAYS,REFILLS_AUTHORIZED,PAYER_ID,CLAIM_STATUS,COPAY_COINSURANCE_USD,TERRITORY_ID
RX-EVT-00001,PAT-TOK-1015,1982736450,ENC-204,2024-04-05,L40.0,329528,0074-3799-02,Humira,TNF Inhibitor,40.0,mg,14,5,PLAN-CVS-COMM,REJECTED_COPAY,85.0,US-PA-PHILLY-01
RX-EVT-00002,PAT-TOK-1076,1394019284,ENC-617,2024-02-07,L40.0,2059343,0074-1050-01,Skyrizi,IL-23 Biologic,150.0,mg,84,5,PLAN-CVS-COMM,PAID,35.0,US-NE-T12
RX-EVT-00003,PAT-TOK-1072,1789420193,ENC-559,2024-09-14,E11.9,1545653,0597-0152-30,Jardiance,SGLT2 Inhibitor,10.0,mg,30,5,PLAN-OPTUM-MA,PAID,35.0,US-PA-PHILLY-01
RX-EVT-00004,PAT-TOK-1001,1493028174,ENC-881,2024-05-05,L40.0,858080,57894-060-02,Stelara,IL-12/23 Inhibitor,45.0,mg,84,3,PLAN-CVS-COMM,PAID,35.0,US-PA-PHILLY-02
RX-EVT-00005,PAT-TOK-1012,1394019284,ENC-926,2024-06-20,L40.0,2059343,0074-1050-01,Skyrizi,IL-23 Biologic,150.0,mg,84,1,PLAN-BCBS-COMM,PAID,35.0,US-NE-T12
RX-EVT-00006,PAT-TOK-1069,1205948372,ENC-949,2024-02-18,E11.9,860975,0093-1048-01,Metformin HCl,Biguanide,1000.0,mg,30,5,PLAN-OPTUM-MA,PAID,35.0,US-PA-PHILLY-01
RX-EVT-00007,PAT-TOK-1074,1789420193,ENC-181,2024-11-08,L40.0,2059343,0074-1050-01,Skyrizi,IL-23 Biologic,150.0,mg,84,2,PLAN-CVS-COMM,PAID,35.0,US-PA-PHILLY-01
RX-EVT-00008,PAT-TOK-1049,1639201948,ENC-314,2024-03-12,L40.0,858080,57894-060-02,Stelara,IL-12/23 Inhibitor,45.0,mg,84,3,PLAN-CVS-COMM,PAID,35.0,US-PA-PHILLY-01
RX-EVT-00009,PAT-TOK-1078,1493028174,ENC-376,2024-03-15,L40.0,329528,0074-3799-02,Humira,TNF Inhibitor,40.0,mg,14,5,PLAN-ESI-COMM,PAID,35.0,US-PA-PHILLY-02
RX-EVT-00010,PAT-TOK-1042,1982736450,ENC-510,2024-01-26,L40.0,2059343,0074-1050-01,Skyrizi,IL-23 Biologic,150.0,mg,84,3,PLAN-CVS-COMM,PAID,35.0,US-PA-PHILLY-01
RX-EVT-00011,PAT-TOK-1028,1928374650,ENC-569,2024-08-13,L40.0,2059343,0074-1050-01,Skyrizi,IL-23 Biologic,150.0,mg,84,2,PLAN-OPTUM-MA,REJECTED_COPAY,85.0,US-PA-PHILLY-01
RX-EVT-00012,PAT-TOK-1018,1789420193,ENC-538,2024-05-24,I48.0,1364430,0069-4210-66,Eliquis,Direct Oral Anticoagulant,5.0,mg,30,5,PLAN-BCBS-COMM,REJECTED_PA,0.0,US-PA-PHILLY-01
RX-EVT-00013,PAT-TOK-1047,1789420193,ENC-873,2024-09-16,L40.0,329528,0074-3799-02,Humira,TNF Inhibitor,40.0,mg,14,1,PLAN-CVS-COMM,PAID,35.0,US-PA-PHILLY-01
RX-EVT-00014,PAT-TOK-1020,1493028174,ENC-490,2024-10-03,E11.9,860975,0093-1048-01,Metformin HCl,Biguanide,1000.0,mg,30,5,PLAN-BCBS-COMM,PAID,35.0,US-PA-PHILLY-02
RX-EVT-00015,PAT-TOK-1068,1639201948,ENC-798,2024-11-24,L40.0,2059343,0074-1050-01,Skyrizi,IL-23 Biologic,150.0,mg,84,5,PLAN-OPTUM-MA,PAID,35.0,US-PA-PHILLY-01
RX-EVT-00016,PAT-TOK-1044,1205948372,ENC-839,2024-03-15,L40.0,2059343,0074-1050-01,Skyrizi,IL-23 Biologic,150.0,mg,84,3,PLAN-ESI-COMM,PAID,35.0,US-PA-PHILLY-01
RX-EVT-00017,PAT-TOK-1065,1205948372,ENC-303,2024-11-17,L40.0,858080,57894-060-02,Stelara,IL-12/23 Inhibitor,45.0,mg,84,2,PLAN-OPTUM-MA,REJECTED_PA,0.0,US-PA-PHILLY-01
RX-EVT-00018,PAT-TOK-1021,1982736450,ENC-999,2024-01-04,E11.9,860975,0093-1048-01,Metformin HCl,Biguanide,1000.0,mg,30,3,PLAN-ESI-COMM,PAID,35.0,US-PA-PHILLY-01
RX-EVT-00019,PAT-TOK-1008,1789420193,ENC-935,2024-02-24,L40.0,2059343,0074-1050-01,Skyrizi,IL-23 Biologic,150.0,mg,84,1,PLAN-ESI-COMM,PAID,35.0,US-PA-PHILLY-01
RX-EVT-00020,PAT-TOK-1017,1849201837,ENC-533,2024-05-17,L40.0,329528,0074-3799-02,Humira,TNF Inhibitor,40.0,mg,14,2,PLAN-ESI-COMM,REJECTED_PA,0.0,US-NE-T12
RX-EVT-00021,PAT-TOK-1040,1394019284,ENC-562,2024-06-15,E11.9,1545653,0597-0152-30,Jardiance,SGLT2 Inhibitor,10.0,mg,30,1,PLAN-ESI-COMM,REJECTED_PA,0.0,US-NE-T12
RX-EVT-00022,PAT-TOK-1029,1205948372,ENC-702,2024-10-18,L40.0,2059343,0074-1050-01,Skyrizi,IL-23 Biologic,150.0,mg,84,2,PLAN-CVS-COMM,PAID,35.0,US-PA-PHILLY-01
RX-EVT-00023,PAT-TOK-1010,1982736450,ENC-172,2024-01-28,L40.0,2059343,0074-1050-01,Skyrizi,IL-23 Biologic,150.0,mg,84,5,PLAN-ESI-COMM,PAID,35.0,US-PA-PHILLY-01
RX-EVT-00024,PAT-TOK-1036,1849201837,ENC-584,2024-12-19,L40.0,329528,0074-3799-02,Humira,TNF Inhibitor,40.0,mg,14,2,PLAN-BCBS-COMM,REJECTED_PA,0.0,US-NE-T12
RX-EVT-00025,PAT-TOK-1053,1789420193,ENC-533,2024-11-14,L40.0,2059343,0074-1050-01,Skyrizi,IL-23 Biologic,150.0,mg,84,4,PLAN-BCBS-COMM,PAID,35.0,US-PA-PHILLY-01
RX-EVT-00026,PAT-TOK-1007,1205948372,ENC-354,2024-12-11,L40.0,2059343,0074-1050-01,Skyrizi,IL-23 Biologic,150.0,mg,84,2,PLAN-ESI-COMM,PAID,35.0,US-PA-PHILLY-01
RX-EVT-00027,PAT-TOK-1069,1849201837,ENC-355,2024-03-09,L40.0,2059343,0074-1050-01,Skyrizi,IL-23 Biologic,150.0,mg,84,1,PLAN-BCBS-COMM,PAID,35.0,US-NE-T12
RX-EVT-00028,PAT-TOK-1071,1205948372,ENC-195,2024-09-27,L40.0,2059343,0074-1050-01,Skyrizi,IL-23 Biologic,150.0,mg,84,2,PLAN-ESI-COMM,PAID,35.0,US-PA-PHILLY-01
RX-EVT-00029,PAT-TOK-1053,1849201837,ENC-102,2024-01-06,E11.9,860975,0093-1048-01,Metformin HCl,Biguanide,1000.0,mg,30,4,PLAN-OPTUM-MA,PAID,35.0,US-NE-T12
RX-EVT-00030,PAT-TOK-1059,1639201948,ENC-598,2024-09-22,E11.9,1545653,0597-0152-30,Jardiance,SGLT2 Inhibitor,10.0,mg,30,2,PLAN-ESI-COMM,REJECTED_COPAY,85.0,US-PA-PHILLY-01
RX-EVT-00031,PAT-TOK-1038,1789420193,ENC-865,2024-12-18,I48.0,1364430,0069-4210-66,Eliquis,Direct Oral Anticoagulant,5.0,mg,30,3,PLAN-CVS-COMM,PAID,35.0,US-PA-PHILLY-01
RX-EVT-00032,PAT-TOK-1007,1849201837,ENC-182,2024-03-02,I48.0,1364430,0069-4210-66,Eliquis,Direct Oral Anticoagulant,5.0,mg,30,2,PLAN-CVS-COMM,REJECTED_PA,0.0,US-NE-T12
RX-EVT-00033,PAT-TOK-1077,1205948372,ENC-352,2024-07-04,L40.0,329528,0074-3799-02,Humira,TNF Inhibitor,40.0,mg,14,5,PLAN-CVS-COMM,REJECTED_PA,0.0,US-PA-PHILLY-01
RX-EVT-00034,PAT-TOK-1080,1205948372,ENC-367,2024-10-17,I48.0,1364430,0069-4210-66,Eliquis,Direct Oral Anticoagulant,5.0,mg,30,2,PLAN-OPTUM-MA,PAID,35.0,US-PA-PHILLY-01
RX-EVT-00035,PAT-TOK-1031,1639201948,ENC-423,2024-11-10,E11.9,1545653,0597-0152-30,Jardiance,SGLT2 Inhibitor,10.0,mg,30,1,PLAN-CVS-COMM,PAID,35.0,US-PA-PHILLY-01
RX-EVT-00036,PAT-TOK-1059,1205948372,ENC-235,2024-04-17,L40.0,2059343,0074-1050-01,Skyrizi,IL-23 Biologic,150.0,mg,84,3,PLAN-CVS-COMM,PAID,35.0,US-PA-PHILLY-01
RX-EVT-00037,PAT-TOK-1032,1928374650,ENC-820,2024-08-27,L40.0,2059343,0074-1050-01,Skyrizi,IL-23 Biologic,150.0,mg,84,3,PLAN-CVS-COMM,REJECTED_PA,0.0,US-PA-PHILLY-01
RX-EVT-00038,PAT-TOK-1071,1639201948,ENC-209,2024-03-09,L40.0,2059343,0074-1050-01,Skyrizi,IL-23 Biologic,150.0,mg,84,5,PLAN-ESI-COMM,PAID,35.0,US-PA-PHILLY-01
RX-EVT-00039,PAT-TOK-1035,1639201948,ENC-749,2024-06-07,E11.9,1545653,0597-0152-30,Jardiance,SGLT2 Inhibitor,10.0,mg,30,3,PLAN-BCBS-COMM,REJECTED_COPAY,85.0,US-PA-PHILLY-01
RX-EVT-00040,PAT-TOK-1033,1982736450,ENC-145,2024-07-27,L40.0,2059343,0074-1050-01,Skyrizi,IL-23 Biologic,150.0,mg,84,1,PLAN-OPTUM-MA,PAID,35.0,US-PA-PHILLY-01
RX-EVT-00041,PAT-TOK-1017,1639201948,ENC-537,2024-08-18,L40.0,2059343,0074-1050-01,Skyrizi,IL-23 Biologic,150.0,mg,84,5,PLAN-CVS-COMM,REJECTED_COPAY,85.0,US-PA-PHILLY-01
RX-EVT-00042,PAT-TOK-1015,1205948372,ENC-954,2024-03-18,E11.9,1545653,0597-0152-30,Jardiance,SGLT2 Inhibitor,10.0,mg,30,3,PLAN-ESI-COMM,PAID,35.0,US-PA-PHILLY-01
RX-EVT-00043,PAT-TOK-1056,1493028174,ENC-466,2024-06-26,L40.0,2059343,0074-1050-01,Skyrizi,IL-23 Biologic,150.0,mg,84,2,PLAN-ESI-COMM,PAID,35.0,US-PA-PHILLY-02
RX-EVT-00044,PAT-TOK-1014,1928374650,ENC-342,2024-10-24,E11.9,860975,0093-1048-01,Metformin HCl,Biguanide,1000.0,mg,30,2,PLAN-ESI-COMM,PAID,35.0,US-PA-PHILLY-01
RX-EVT-00045,PAT-TOK-1053,1982736450,ENC-921,2024-06-26,L40.0,2059343,0074-1050-01,Skyrizi,IL-23 Biologic,150.0,mg,84,2,PLAN-OPTUM-MA,PAID,35.0,US-PA-PHILLY-01
RX-EVT-00046,PAT-TOK-1021,1205948372,ENC-936,2024-08-08,L40.0,2059343,0074-1050-01,Skyrizi,IL-23 Biologic,150.0,mg,84,4,PLAN-OPTUM-MA,PAID,35.0,US-PA-PHILLY-01
RX-EVT-00047,PAT-TOK-1040,1789420193,ENC-385,2024-04-13,E11.9,1545653,0597-0152-30,Jardiance,SGLT2 Inhibitor,10.0,mg,30,1,PLAN-OPTUM-MA,PAID,35.0,US-PA-PHILLY-01
RX-EVT-00048,PAT-TOK-1045,1394019284,ENC-998,2024-06-01,I48.0,1364430,0069-4210-66,Eliquis,Direct Oral Anticoagulant,5.0,mg,30,3,PLAN-ESI-COMM,PAID,35.0,US-NE-T12
RX-EVT-00049,PAT-TOK-1075,1639201948,ENC-846,2024-10-14,L40.0,2059343,0074-1050-01,Skyrizi,IL-23 Biologic,150.0,mg,84,3,PLAN-BCBS-COMM,PAID,35.0,US-PA-PHILLY-01
RX-EVT-00050,PAT-TOK-1078,1205948372,ENC-825,2024-04-09,I48.0,1364430,0069-4210-66,Eliquis,Direct Oral Anticoagulant,5.0,mg,30,4,PLAN-CVS-COMM,PAID,35.0,US-PA-PHILLY-01
RX-EVT-00051,PAT-TOK-1067,1789420193,ENC-421,2024-11-11,L40.0,2059343,0074-1050-01,Skyrizi,IL-23 Biologic,150.0,mg,84,1,PLAN-OPTUM-MA,REJECTED_PA,0.0,US-PA-PHILLY-01
RX-EVT-00052,PAT-TOK-1065,1639201948,ENC-667,2024-07-23,L40.0,858080,57894-060-02,Stelara,IL-12/23 Inhibitor,45.0,mg,84,2,PLAN-ESI-COMM,PAID,35.0,US-PA-PHILLY-01
RX-EVT-00053,PAT-TOK-1054,1394019284,ENC-515,2024-10-19,L40.0,329528,0074-3799-02,Humira,TNF Inhibitor,40.0,mg,14,5,PLAN-CVS-COMM,PAID,35.0,US-NE-T12
RX-EVT-00054,PAT-TOK-1039,1639201948,ENC-576,2024-10-21,I48.0,1364430,0069-4210-66,Eliquis,Direct Oral Anticoagulant,5.0,mg,30,4,PLAN-BCBS-COMM,PAID,35.0,US-PA-PHILLY-01
RX-EVT-00055,PAT-TOK-1028,1849201837,ENC-390,2024-03-22,E11.9,1545653,0597-0152-30,Jardiance,SGLT2 Inhibitor,10.0,mg,30,5,PLAN-OPTUM-MA,PAID,35.0,US-NE-T12
RX-EVT-00056,PAT-TOK-1012,1789420193,ENC-147,2024-04-05,L40.0,329528,0074-3799-02,Humira,TNF Inhibitor,40.0,mg,14,2,PLAN-BCBS-COMM,PAID,35.0,US-PA-PHILLY-01
RX-EVT-00057,PAT-TOK-1079,1205948372,ENC-813,2024-10-07,E11.9,1545653,0597-0152-30,Jardiance,SGLT2 Inhibitor,10.0,mg,30,4,PLAN-BCBS-COMM,REJECTED_COPAY,85.0,US-PA-PHILLY-01
RX-EVT-00058,PAT-TOK-1052,1789420193,ENC-897,2024-12-01,L40.0,2059343,0074-1050-01,Skyrizi,IL-23 Biologic,150.0,mg,84,4,PLAN-ESI-COMM,PAID,35.0,US-PA-PHILLY-01
RX-EVT-00059,PAT-TOK-1023,1849201837,ENC-567,2024-04-28,L40.0,2059343,0074-1050-01,Skyrizi,IL-23 Biologic,150.0,mg,84,2,PLAN-BCBS-COMM,PAID,35.0,US-NE-T12
RX-EVT-00060,PAT-TOK-1068,1928374650,ENC-616,2024-10-27,E11.9,860975,0093-1048-01,Metformin HCl,Biguanide,1000.0,mg,30,4,PLAN-BCBS-COMM,REJECTED_COPAY,85.0,US-PA-PHILLY-01
RX-EVT-00061,PAT-TOK-1021,1849201837,ENC-596,2024-11-09,L40.0,329528,0074-3799-02,Humira,TNF Inhibitor,40.0,mg,14,2,PLAN-OPTUM-MA,REJECTED_PA,0.0,US-NE-T12
RX-EVT-00062,PAT-TOK-1057,1205948372,ENC-653,2024-05-11,L40.0,329528,0074-3799-02,Humira,TNF Inhibitor,40.0,mg,14,1,PLAN-ESI-COMM,PAID,35.0,US-PA-PHILLY-01
RX-EVT-00063,PAT-TOK-1020,1789420193,ENC-524,2024-12-07,L40.0,329528,0074-3799-02,Humira,TNF Inhibitor,40.0,mg,14,4,PLAN-OPTUM-MA,PAID,35.0,US-PA-PHILLY-01
RX-EVT-00064,PAT-TOK-1070,1849201837,ENC-812,2024-07-13,L40.0,329528,0074-3799-02,Humira,TNF Inhibitor,40.0,mg,14,1,PLAN-BCBS-COMM,REJECTED_PA,0.0,US-NE-T12
RX-EVT-00065,PAT-TOK-1062,1982736450,ENC-651,2024-07-28,L40.0,858080,57894-060-02,Stelara,IL-12/23 Inhibitor,45.0,mg,84,5,PLAN-ESI-COMM,PAID,35.0,US-PA-PHILLY-01
RX-EVT-00066,PAT-TOK-1063,1789420193,ENC-784,2024-01-13,E11.9,860975,0093-1048-01,Metformin HCl,Biguanide,1000.0,mg,30,4,PLAN-ESI-COMM,PAID,35.0,US-PA-PHILLY-01
RX-EVT-00067,PAT-TOK-1060,1493028174,ENC-677,2024-01-13,I48.0,1364430,0069-4210-66,Eliquis,Direct Oral Anticoagulant,5.0,mg,30,1,PLAN-CVS-COMM,REJECTED_PA,0.0,US-PA-PHILLY-02
RX-EVT-00068,PAT-TOK-1055,1493028174,ENC-435,2024-01-09,L40.0,329528,0074-3799-02,Humira,TNF Inhibitor,40.0,mg,14,2,PLAN-BCBS-COMM,PAID,35.0,US-PA-PHILLY-02
RX-EVT-00069,PAT-TOK-1042,1928374650,ENC-358,2024-05-25,E11.9,860975,0093-1048-01,Metformin HCl,Biguanide,1000.0,mg,30,1,PLAN-BCBS-COMM,PAID,35.0,US-PA-PHILLY-01
RX-EVT-00070,PAT-TOK-1003,1982736450,ENC-899,2024-04-21,L40.0,858080,57894-060-02,Stelara,IL-12/23 Inhibitor,45.0,mg,84,1,PLAN-CVS-COMM,PAID,35.0,US-PA-PHILLY-01
RX-EVT-00071,PAT-TOK-1032,1789420193,ENC-584,2024-03-08,I48.0,1364430,0069-4210-66,Eliquis,Direct Oral Anticoagulant,5.0,mg,30,1,PLAN-ESI-COMM,PAID,35.0,US-PA-PHILLY-01
RX-EVT-00072,PAT-TOK-1060,1639201948,ENC-835,2024-10-20,L40.0,329528,0074-3799-02,Humira,TNF Inhibitor,40.0,mg,14,1,PLAN-ESI-COMM,REJECTED_COPAY,85.0,US-PA-PHILLY-01
RX-EVT-00073,PAT-TOK-1040,1205948372,ENC-506,2024-10-22,L40.0,858080,57894-060-02,Stelara,IL-12/23 Inhibitor,45.0,mg,84,2,PLAN-CVS-COMM,PAID,35.0,US-PA-PHILLY-01
RX-EVT-00074,PAT-TOK-1076,1789420193,ENC-714,2024-05-28,L40.0,2059343,0074-1050-01,Skyrizi,IL-23 Biologic,150.0,mg,84,1,PLAN-CVS-COMM,REJECTED_COPAY,85.0,US-PA-PHILLY-01
RX-EVT-00075,PAT-TOK-1045,1394019284,ENC-112,2024-09-21,L40.0,2059343,0074-1050-01,Skyrizi,IL-23 Biologic,150.0,mg,84,4,PLAN-BCBS-COMM,PAID,35.0,US-NE-T12
RX-EVT-00076,PAT-TOK-1014,1394019284,ENC-545,2024-08-23,E11.9,1545653,0597-0152-30,Jardiance,SGLT2 Inhibitor,10.0,mg,30,2,PLAN-OPTUM-MA,PAID,35.0,US-NE-T12
RX-EVT-00077,PAT-TOK-1079,1849201837,ENC-972,2024-10-09,E11.9,1545653,0597-0152-30,Jardiance,SGLT2 Inhibitor,10.0,mg,30,2,PLAN-CVS-COMM,PAID,35.0,US-NE-T12
RX-EVT-00078,PAT-TOK-1036,1849201837,ENC-488,2024-10-20,E11.9,860975,0093-1048-01,Metformin HCl,Biguanide,1000.0,mg,30,3,PLAN-CVS-COMM,REJECTED_COPAY,85.0,US-NE-T12
RX-EVT-00079,PAT-TOK-1064,1928374650,ENC-448,2024-04-12,L40.0,2059343,0074-1050-01,Skyrizi,IL-23 Biologic,150.0,mg,84,3,PLAN-OPTUM-MA,PAID,35.0,US-PA-PHILLY-01
RX-EVT-00080,PAT-TOK-1072,1982736450,ENC-516,2024-02-08,L40.0,329528,0074-3799-02,Humira,TNF Inhibitor,40.0,mg,14,4,PLAN-ESI-COMM,REJECTED_COPAY,85.0,US-PA-PHILLY-01
RX-EVT-00081,PAT-TOK-1061,1849201837,ENC-514,2024-02-10,L40.0,2059343,0074-1050-01,Skyrizi,IL-23 Biologic,150.0,mg,84,2,PLAN-OPTUM-MA,PAID,35.0,US-NE-T12
RX-EVT-00082,PAT-TOK-1075,1928374650,ENC-663,2024-06-14,I48.0,1364430,0069-4210-66,Eliquis,Direct Oral Anticoagulant,5.0,mg,30,3,PLAN-OPTUM-MA,REJECTED_COPAY,85.0,US-PA-PHILLY-01
RX-EVT-00083,PAT-TOK-1059,1639201948,ENC-423,2024-02-24,L40.0,329528,0074-3799-02,Humira,TNF Inhibitor,40.0,mg,14,1,PLAN-ESI-COMM,PAID,35.0,US-PA-PHILLY-01
RX-EVT-00084,PAT-TOK-1025,1789420193,ENC-711,2024-12-19,L40.0,858080,57894-060-02,Stelara,IL-12/23 Inhibitor,45.0,mg,84,3,PLAN-CVS-COMM,REJECTED_PA,0.0,US-PA-PHILLY-01
RX-EVT-00085,PAT-TOK-1025,1639201948,ENC-646,2024-05-01,L40.0,329528,0074-3799-02,Humira,TNF Inhibitor,40.0,mg,14,2,PLAN-OPTUM-MA,REJECTED_COPAY,85.0,US-PA-PHILLY-01
RX-EVT-00086,PAT-TOK-1006,1982736450,ENC-205,2024-03-21,E11.9,1545653,0597-0152-30,Jardiance,SGLT2 Inhibitor,10.0,mg,30,1,PLAN-OPTUM-MA,PAID,35.0,US-PA-PHILLY-01
RX-EVT-00087,PAT-TOK-1061,1849201837,ENC-216,2024-01-09,L40.0,329528,0074-3799-02,Humira,TNF Inhibitor,40.0,mg,14,1,PLAN-BCBS-COMM,PAID,35.0,US-NE-T12
RX-EVT-00088,PAT-TOK-1063,1205948372,ENC-930,2024-01-05,E11.9,1545653,0597-0152-30,Jardiance,SGLT2 Inhibitor,10.0,mg,30,5,PLAN-OPTUM-MA,PAID,35.0,US-PA-PHILLY-01
RX-EVT-00089,PAT-TOK-1011,1789420193,ENC-909,2024-07-20,L40.0,2059343,0074-1050-01,Skyrizi,IL-23 Biologic,150.0,mg,84,5,PLAN-ESI-COMM,REJECTED_PA,0.0,US-PA-PHILLY-01
RX-EVT-00090,PAT-TOK-1067,1394019284,ENC-539,2024-05-28,E11.9,860975,0093-1048-01,Metformin HCl,Biguanide,1000.0,mg,30,3,PLAN-CVS-COMM,REJECTED_PA,0.0,US-NE-T12
RX-EVT-00091,PAT-TOK-1079,1205948372,ENC-776,2024-11-07,L40.0,329528,0074-3799-02,Humira,TNF Inhibitor,40.0,mg,14,1,PLAN-ESI-COMM,PAID,35.0,US-PA-PHILLY-01
RX-EVT-00092,PAT-TOK-1031,1493028174,ENC-805,2024-01-14,L40.0,329528,0074-3799-02,Humira,TNF Inhibitor,40.0,mg,14,5,PLAN-BCBS-COMM,PAID,35.0,US-PA-PHILLY-02
RX-EVT-00093,PAT-TOK-1038,1982736450,ENC-980,2024-12-10,L40.0,2059343,0074-1050-01,Skyrizi,IL-23 Biologic,150.0,mg,84,4,PLAN-CVS-COMM,REJECTED_COPAY,85.0,US-PA-PHILLY-01
RX-EVT-00094,PAT-TOK-1030,1639201948,ENC-535,2024-10-22,E11.9,1545653,0597-0152-30,Jardiance,SGLT2 Inhibitor,10.0,mg,30,1,PLAN-ESI-COMM,PAID,35.0,US-PA-PHILLY-01
RX-EVT-00095,PAT-TOK-1020,1639201948,ENC-709,2024-01-06,L40.0,2059343,0074-1050-01,Skyrizi,IL-23 Biologic,150.0,mg,84,5,PLAN-OPTUM-MA,PAID,35.0,US-PA-PHILLY-01
RX-EVT-00096,PAT-TOK-1057,1205948372,ENC-612,2024-12-13,L40.0,858080,57894-060-02,Stelara,IL-12/23 Inhibitor,45.0,mg,84,5,PLAN-BCBS-COMM,PAID,35.0,US-PA-PHILLY-01
RX-EVT-00097,PAT-TOK-1057,1205948372,ENC-356,2024-12-11,E11.9,860975,0093-1048-01,Metformin HCl,Biguanide,1000.0,mg,30,1,PLAN-CVS-COMM,REJECTED_PA,0.0,US-PA-PHILLY-01
RX-EVT-00098,PAT-TOK-1030,1982736450,ENC-881,2024-05-19,E11.9,1545653,0597-0152-30,Jardiance,SGLT2 Inhibitor,10.0,mg,30,2,PLAN-BCBS-COMM,PAID,35.0,US-PA-PHILLY-01
RX-EVT-00099,PAT-TOK-1067,1849201837,ENC-933,2024-10-14,L40.0,329528,0074-3799-02,Humira,TNF Inhibitor,40.0,mg,14,4,PLAN-CVS-COMM,REJECTED_COPAY,85.0,US-NE-T12
RX-EVT-00100,PAT-TOK-1061,1928374650,ENC-437,2024-11-04,L40.0,858080,57894-060-02,Stelara,IL-12/23 Inhibitor,45.0,mg,84,4,PLAN-BCBS-COMM,PAID,35.0,US-PA-PHILLY-01
RX-EVT-00101,PAT-TOK-1037,1394019284,ENC-422,2024-01-15,I48.0,1364430,0069-4210-66,Eliquis,Direct Oral Anticoagulant,5.0,mg,30,3,PLAN-OPTUM-MA,PAID,35.0,US-NE-T12
RX-EVT-00102,PAT-TOK-1015,1394019284,ENC-573,2024-11-28,L40.0,2059343,0074-1050-01,Skyrizi,IL-23 Biologic,150.0,mg,84,4,PLAN-CVS-COMM,REJECTED_PA,0.0,US-NE-T12
RX-EVT-00103,PAT-TOK-1025,1928374650,ENC-308,2024-11-15,E11.9,860975,0093-1048-01,Metformin HCl,Biguanide,1000.0,mg,30,3,PLAN-ESI-COMM,PAID,35.0,US-PA-PHILLY-01
RX-EVT-00104,PAT-TOK-1037,1849201837,ENC-723,2024-02-01,E11.9,860975,0093-1048-01,Metformin HCl,Biguanide,1000.0,mg,30,2,PLAN-ESI-COMM,REJECTED_COPAY,85.0,US-NE-T12
RX-EVT-00105,PAT-TOK-1040,1982736450,ENC-572,2024-04-27,L40.0,2059343,0074-1050-01,Skyrizi,IL-23 Biologic,150.0,mg,84,1,PLAN-ESI-COMM,PAID,35.0,US-PA-PHILLY-01
RX-EVT-00106,PAT-TOK-1064,1639201948,ENC-583,2024-07-27,L40.0,858080,57894-060-02,Stelara,IL-12/23 Inhibitor,45.0,mg,84,2,PLAN-BCBS-COMM,PAID,35.0,US-PA-PHILLY-01
RX-EVT-00107,PAT-TOK-1071,1493028174,ENC-984,2024-09-24,I48.0,1364430,0069-4210-66,Eliquis,Direct Oral Anticoagulant,5.0,mg,30,1,PLAN-OPTUM-MA,PAID,35.0,US-PA-PHILLY-02
RX-EVT-00108,PAT-TOK-1054,1928374650,ENC-389,2024-05-27,I48.0,1364430,0069-4210-66,Eliquis,Direct Oral Anticoagulant,5.0,mg,30,3,PLAN-BCBS-COMM,PAID,35.0,US-PA-PHILLY-01
RX-EVT-00109,PAT-TOK-1020,1849201837,ENC-486,2024-06-18,L40.0,858080,57894-060-02,Stelara,IL-12/23 Inhibitor,45.0,mg,84,4,PLAN-OPTUM-MA,REJECTED_PA,0.0,US-NE-T12
RX-EVT-00110,PAT-TOK-1025,1789420193,ENC-862,2024-07-02,L40.0,329528,0074-3799-02,Humira,TNF Inhibitor,40.0,mg,14,4,PLAN-BCBS-COMM,PAID,35.0,US-PA-PHILLY-01
RX-EVT-00111,PAT-TOK-1050,1493028174,ENC-439,2024-03-17,L40.0,2059343,0074-1050-01,Skyrizi,IL-23 Biologic,150.0,mg,84,1,PLAN-BCBS-COMM,REJECTED_PA,0.0,US-PA-PHILLY-02
RX-EVT-00112,PAT-TOK-1013,1849201837,ENC-258,2024-03-14,L40.0,2059343,0074-1050-01,Skyrizi,IL-23 Biologic,150.0,mg,84,1,PLAN-BCBS-COMM,REJECTED_COPAY,85.0,US-NE-T12
RX-EVT-00113,PAT-TOK-1034,1928374650,ENC-972,2024-11-03,E11.9,860975,0093-1048-01,Metformin HCl,Biguanide,1000.0,mg,30,5,PLAN-BCBS-COMM,PAID,35.0,US-PA-PHILLY-01
RX-EVT-00114,PAT-TOK-1041,1849201837,ENC-746,2024-10-03,L40.0,2059343,0074-1050-01,Skyrizi,IL-23 Biologic,150.0,mg,84,3,PLAN-ESI-COMM,PAID,35.0,US-NE-T12
RX-EVT-00115,PAT-TOK-1012,1394019284,ENC-554,2024-12-28,E11.9,1545653,0597-0152-30,Jardiance,SGLT2 Inhibitor,10.0,mg,30,2,PLAN-OPTUM-MA,PAID,35.0,US-NE-T12
RX-EVT-00116,PAT-TOK-1004,1982736450,ENC-483,2024-01-10,L40.0,2059343,0074-1050-01,Skyrizi,IL-23 Biologic,150.0,mg,84,4,PLAN-ESI-COMM,PAID,35.0,US-PA-PHILLY-01
RX-EVT-00117,PAT-TOK-1032,1394019284,ENC-724,2024-03-06,L40.0,329528,0074-3799-02,Humira,TNF Inhibitor,40.0,mg,14,4,PLAN-ESI-COMM,PAID,35.0,US-NE-T12
RX-EVT-00118,PAT-TOK-1064,1493028174,ENC-782,2024-05-15,E11.9,1545653,0597-0152-30,Jardiance,SGLT2 Inhibitor,10.0,mg,30,1,PLAN-BCBS-COMM,PAID,35.0,US-PA-PHILLY-02
RX-EVT-00119,PAT-TOK-1037,1493028174,ENC-754,2024-06-19,L40.0,2059343,0074-1050-01,Skyrizi,IL-23 Biologic,150.0,mg,84,4,PLAN-OPTUM-MA,PAID,35.0,US-PA-PHILLY-02
RX-EVT-00120,PAT-TOK-1059,1639201948,ENC-209,2024-07-28,L40.0,2059343,0074-1050-01,Skyrizi,IL-23 Biologic,150.0,mg,84,2,PLAN-BCBS-COMM,PAID,35.0,US-PA-PHILLY-01
RX-EVT-00121,PAT-TOK-1074,1928374650,ENC-505,2024-05-01,E11.9,1545653,0597-0152-30,Jardiance,SGLT2 Inhibitor,10.0,mg,30,3,PLAN-CVS-COMM,REJECTED_COPAY,85.0,US-PA-PHILLY-01
RX-EVT-00122,PAT-TOK-1073,1982736450,ENC-894,2024-08-27,E11.9,1545653,0597-0152-30,Jardiance,SGLT2 Inhibitor,10.0,mg,30,2,PLAN-OPTUM-MA,PAID,35.0,US-PA-PHILLY-01
RX-EVT-00123,PAT-TOK-1029,1789420193,ENC-797,2024-12-25,E11.9,1545653,0597-0152-30,Jardiance,SGLT2 Inhibitor,10.0,mg,30,2,PLAN-CVS-COMM,REJECTED_COPAY,85.0,US-PA-PHILLY-01
RX-EVT-00124,PAT-TOK-1006,1639201948,ENC-234,2024-10-12,L40.0,2059343,0074-1050-01,Skyrizi,IL-23 Biologic,150.0,mg,84,1,PLAN-OPTUM-MA,REJECTED_COPAY,85.0,US-PA-PHILLY-01
RX-EVT-00125,PAT-TOK-1042,1394019284,ENC-997,2024-03-26,L40.0,2059343,0074-1050-01,Skyrizi,IL-23 Biologic,150.0,mg,84,3,PLAN-OPTUM-MA,REJECTED_PA,0.0,US-NE-T12
RX-EVT-00126,PAT-TOK-1022,1639201948,ENC-923,2024-05-24,E11.9,860975,0093-1048-01,Metformin HCl,Biguanide,1000.0,mg,30,1,PLAN-BCBS-COMM,PAID,35.0,US-PA-PHILLY-01
RX-EVT-00127,PAT-TOK-1010,1493028174,ENC-506,2024-11-24,L40.0,329528,0074-3799-02,Humira,TNF Inhibitor,40.0,mg,14,5,PLAN-OPTUM-MA,REJECTED_COPAY,85.0,US-PA-PHILLY-02
RX-EVT-00128,PAT-TOK-1012,1394019284,ENC-477,2024-09-04,L40.0,2059343,0074-1050-01,Skyrizi,IL-23 Biologic,150.0,mg,84,3,PLAN-BCBS-COMM,PAID,35.0,US-NE-T12
RX-EVT-00129,PAT-TOK-1048,1205948372,ENC-435,2024-01-20,E11.9,860975,0093-1048-01,Metformin HCl,Biguanide,1000.0,mg,30,5,PLAN-ESI-COMM,REJECTED_PA,0.0,US-PA-PHILLY-01
RX-EVT-00130,PAT-TOK-1009,1849201837,ENC-243,2024-11-14,L40.0,858080,57894-060-02,Stelara,IL-12/23 Inhibitor,45.0,mg,84,1,PLAN-CVS-COMM,PAID,35.0,US-NE-T12
RX-EVT-00131,PAT-TOK-1039,1849201837,ENC-497,2024-04-18,L40.0,2059343,0074-1050-01,Skyrizi,IL-23 Biologic,150.0,mg,84,4,PLAN-OPTUM-MA,PAID,35.0,US-NE-T12
RX-EVT-00132,PAT-TOK-1070,1394019284,ENC-201,2024-03-14,E11.9,1545653,0597-0152-30,Jardiance,SGLT2 Inhibitor,10.0,mg,30,4,PLAN-BCBS-COMM,REJECTED_COPAY,85.0,US-NE-T12
RX-EVT-00133,PAT-TOK-1036,1982736450,ENC-975,2024-08-15,L40.0,329528,0074-3799-02,Humira,TNF Inhibitor,40.0,mg,14,3,PLAN-CVS-COMM,PAID,35.0,US-PA-PHILLY-01
RX-EVT-00134,PAT-TOK-1048,1928374650,ENC-968,2024-05-07,L40.0,2059343,0074-1050-01,Skyrizi,IL-23 Biologic,150.0,mg,84,4,PLAN-CVS-COMM,PAID,35.0,US-PA-PHILLY-01
RX-EVT-00135,PAT-TOK-1028,1982736450,ENC-905,2024-06-08,L40.0,2059343,0074-1050-01,Skyrizi,IL-23 Biologic,150.0,mg,84,5,PLAN-ESI-COMM,PAID,35.0,US-PA-PHILLY-01
RX-EVT-00136,PAT-TOK-1009,1789420193,ENC-907,2024-06-25,L40.0,329528,0074-3799-02,Humira,TNF Inhibitor,40.0,mg,14,5,PLAN-CVS-COMM,PAID,35.0,US-PA-PHILLY-01
RX-EVT-00137,PAT-TOK-1036,1493028174,ENC-212,2024-05-26,I48.0,1364430,0069-4210-66,Eliquis,Direct Oral Anticoagulant,5.0,mg,30,1,PLAN-ESI-COMM,PAID,35.0,US-PA-PHILLY-02
RX-EVT-00138,PAT-TOK-1002,1928374650,ENC-278,2024-10-11,L40.0,329528,0074-3799-02,Humira,TNF Inhibitor,40.0,mg,14,3,PLAN-CVS-COMM,PAID,35.0,US-PA-PHILLY-01
RX-EVT-00139,PAT-TOK-1017,1394019284,ENC-896,2024-02-16,E11.9,1545653,0597-0152-30,Jardiance,SGLT2 Inhibitor,10.0,mg,30,3,PLAN-CVS-COMM,PAID,35.0,US-NE-T12
RX-EVT-00140,PAT-TOK-1058,1789420193,ENC-633,2024-12-26,L40.0,2059343,0074-1050-01,Skyrizi,IL-23 Biologic,150.0,mg,84,3,PLAN-BCBS-COMM,REJECTED_COPAY,85.0,US-PA-PHILLY-01
RX-EVT-00141,PAT-TOK-1004,1982736450,ENC-602,2024-07-22,E11.9,860975,0093-1048-01,Metformin HCl,Biguanide,1000.0,mg,30,4,PLAN-CVS-COMM,PAID,35.0,US-PA-PHILLY-01
RX-EVT-00142,PAT-TOK-1011,1928374650,ENC-748,2024-03-09,L40.0,2059343,0074-1050-01,Skyrizi,IL-23 Biologic,150.0,mg,84,5,PLAN-OPTUM-MA,REJECTED_PA,0.0,US-PA-PHILLY-01
RX-EVT-00143,PAT-TOK-1049,1639201948,ENC-217,2024-07-04,I48.0,1364430,0069-4210-66,Eliquis,Direct Oral Anticoagulant,5.0,mg,30,5,PLAN-ESI-COMM,REJECTED_COPAY,85.0,US-PA-PHILLY-01
RX-EVT-00144,PAT-TOK-1056,1849201837,ENC-508,2024-06-27,E11.9,860975,0093-1048-01,Metformin HCl,Biguanide,1000.0,mg,30,4,PLAN-CVS-COMM,PAID,35.0,US-NE-T12
RX-EVT-00145,PAT-TOK-1041,1394019284,ENC-585,2024-06-05,L40.0,858080,57894-060-02,Stelara,IL-12/23 Inhibitor,45.0,mg,84,1,PLAN-CVS-COMM,REJECTED_COPAY,85.0,US-NE-T12
RX-EVT-00146,PAT-TOK-1011,1205948372,ENC-669,2024-12-12,E11.9,1545653,0597-0152-30,Jardiance,SGLT2 Inhibitor,10.0,mg,30,1,PLAN-OPTUM-MA,PAID,35.0,US-PA-PHILLY-01
RX-EVT-00147,PAT-TOK-1016,1394019284,ENC-152,2024-07-28,E11.9,1545653,0597-0152-30,Jardiance,SGLT2 Inhibitor,10.0,mg,30,3,PLAN-OPTUM-MA,REJECTED_COPAY,85.0,US-NE-T12
RX-EVT-00148,PAT-TOK-1046,1205948372,ENC-329,2024-03-22,L40.0,329528,0074-3799-02,Humira,TNF Inhibitor,40.0,mg,14,1,PLAN-OPTUM-MA,PAID,35.0,US-PA-PHILLY-01
RX-EVT-00149,PAT-TOK-1072,1928374650,ENC-926,2024-05-19,L40.0,2059343,0074-1050-01,Skyrizi,IL-23 Biologic,150.0,mg,84,4,PLAN-CVS-COMM,PAID,35.0,US-PA-PHILLY-01
RX-EVT-00150,PAT-TOK-1078,1639201948,ENC-447,2024-05-23,L40.0,2059343,0074-1050-01,Skyrizi,IL-23 Biologic,150.0,mg,84,3,PLAN-CVS-COMM,PAID,35.0,US-PA-PHILLY-01
RX-EVT-00151,PAT-TOK-1024,1493028174,ENC-748,2024-02-05,E11.9,860975,0093-1048-01,Metformin HCl,Biguanide,1000.0,mg,30,1,PLAN-CVS-COMM,REJECTED_COPAY,85.0,US-PA-PHILLY-02
RX-EVT-00152,PAT-TOK-1068,1789420193,ENC-419,2024-06-06,E11.9,860975,0093-1048-01,Metformin HCl,Biguanide,1000.0,mg,30,3,PLAN-CVS-COMM,PAID,35.0,US-PA-PHILLY-01
RX-EVT-00153,PAT-TOK-1007,1493028174,ENC-378,2024-01-22,I48.0,1364430,0069-4210-66,Eliquis,Direct Oral Anticoagulant,5.0,mg,30,4,PLAN-BCBS-COMM,PAID,35.0,US-PA-PHILLY-02
RX-EVT-00154,PAT-TOK-1063,1849201837,ENC-540,2024-09-04,L40.0,329528,0074-3799-02,Humira,TNF Inhibitor,40.0,mg,14,1,PLAN-OPTUM-MA,PAID,35.0,US-NE-T12
RX-EVT-00155,PAT-TOK-1076,1849201837,ENC-713,2024-01-08,L40.0,858080,57894-060-02,Stelara,IL-12/23 Inhibitor,45.0,mg,84,1,PLAN-CVS-COMM,PAID,35.0,US-NE-T12
RX-EVT-00156,PAT-TOK-1027,1639201948,ENC-222,2024-05-10,L40.0,329528,0074-3799-02,Humira,TNF Inhibitor,40.0,mg,14,1,PLAN-BCBS-COMM,PAID,35.0,US-PA-PHILLY-01
RX-EVT-00157,PAT-TOK-1056,1493028174,ENC-672,2024-12-08,I48.0,1364430,0069-4210-66,Eliquis,Direct Oral Anticoagulant,5.0,mg,30,3,PLAN-CVS-COMM,REJECTED_PA,0.0,US-PA-PHILLY-02
RX-EVT-00158,PAT-TOK-1051,1982736450,ENC-689,2024-08-03,L40.0,2059343,0074-1050-01,Skyrizi,IL-23 Biologic,150.0,mg,84,4,PLAN-BCBS-COMM,PAID,35.0,US-PA-PHILLY-01
RX-EVT-00159,PAT-TOK-1054,1639201948,ENC-920,2024-01-11,L40.0,2059343,0074-1050-01,Skyrizi,IL-23 Biologic,150.0,mg,84,5,PLAN-BCBS-COMM,PAID,35.0,US-PA-PHILLY-01
RX-EVT-00160,PAT-TOK-1047,1205948372,ENC-510,2024-04-14,L40.0,2059343,0074-1050-01,Skyrizi,IL-23 Biologic,150.0,mg,84,5,PLAN-CVS-COMM,REJECTED_PA,0.0,US-PA-PHILLY-01
RX-EVT-00161,PAT-TOK-1051,1639201948,ENC-178,2024-06-25,L40.0,329528,0074-3799-02,Humira,TNF Inhibitor,40.0,mg,14,5,PLAN-CVS-COMM,PAID,35.0,US-PA-PHILLY-01
RX-EVT-00162,PAT-TOK-1068,1789420193,ENC-934,2024-06-24,L40.0,858080,57894-060-02,Stelara,IL-12/23 Inhibitor,45.0,mg,84,2,PLAN-ESI-COMM,REJECTED_COPAY,85.0,US-PA-PHILLY-01
RX-EVT-00163,PAT-TOK-1014,1493028174,ENC-177,2024-10-05,L40.0,329528,0074-3799-02,Humira,TNF Inhibitor,40.0,mg,14,2,PLAN-BCBS-COMM,REJECTED_COPAY,85.0,US-PA-PHILLY-02
RX-EVT-00164,PAT-TOK-1060,1849201837,ENC-430,2024-11-21,I48.0,1364430,0069-4210-66,Eliquis,Direct Oral Anticoagulant,5.0,mg,30,3,PLAN-ESI-COMM,REJECTED_PA,0.0,US-NE-T12
RX-EVT-00165,PAT-TOK-1057,1205948372,ENC-705,2024-05-26,E11.9,1545653,0597-0152-30,Jardiance,SGLT2 Inhibitor,10.0,mg,30,1,PLAN-OPTUM-MA,PAID,35.0,US-PA-PHILLY-01
RX-EVT-00166,PAT-TOK-1065,1205948372,ENC-477,2024-08-02,L40.0,2059343,0074-1050-01,Skyrizi,IL-23 Biologic,150.0,mg,84,3,PLAN-CVS-COMM,PAID,35.0,US-PA-PHILLY-01
RX-EVT-00167,PAT-TOK-1012,1394019284,ENC-929,2024-12-02,I48.0,1364430,0069-4210-66,Eliquis,Direct Oral Anticoagulant,5.0,mg,30,5,PLAN-ESI-COMM,PAID,35.0,US-NE-T12
RX-EVT-00168,PAT-TOK-1042,1849201837,ENC-831,2024-08-04,L40.0,2059343,0074-1050-01,Skyrizi,IL-23 Biologic,150.0,mg,84,1,PLAN-ESI-COMM,PAID,35.0,US-NE-T12
RX-EVT-00169,PAT-TOK-1006,1789420193,ENC-262,2024-09-17,E11.9,860975,0093-1048-01,Metformin HCl,Biguanide,1000.0,mg,30,3,PLAN-OPTUM-MA,REJECTED_PA,0.0,US-PA-PHILLY-01
RX-EVT-00170,PAT-TOK-1037,1394019284,ENC-908,2024-11-20,L40.0,858080,57894-060-02,Stelara,IL-12/23 Inhibitor,45.0,mg,84,3,PLAN-CVS-COMM,PAID,35.0,US-NE-T12
RX-EVT-00171,PAT-TOK-1043,1205948372,ENC-972,2024-05-09,E11.9,860975,0093-1048-01,Metformin HCl,Biguanide,1000.0,mg,30,5,PLAN-ESI-COMM,REJECTED_COPAY,85.0,US-PA-PHILLY-01
RX-EVT-00172,PAT-TOK-1043,1205948372,ENC-815,2024-06-10,L40.0,329528,0074-3799-02,Humira,TNF Inhibitor,40.0,mg,14,4,PLAN-ESI-COMM,REJECTED_COPAY,85.0,US-PA-PHILLY-01
RX-EVT-00173,PAT-TOK-1077,1205948372,ENC-932,2024-07-21,L40.0,2059343,0074-1050-01,Skyrizi,IL-23 Biologic,150.0,mg,84,2,PLAN-CVS-COMM,PAID,35.0,US-PA-PHILLY-01
RX-EVT-00174,PAT-TOK-1055,1928374650,ENC-449,2024-05-06,L40.0,2059343,0074-1050-01,Skyrizi,IL-23 Biologic,150.0,mg,84,4,PLAN-ESI-COMM,PAID,35.0,US-PA-PHILLY-01
RX-EVT-00175,PAT-TOK-1029,1493028174,ENC-955,2024-02-17,L40.0,858080,57894-060-02,Stelara,IL-12/23 Inhibitor,45.0,mg,84,5,PLAN-CVS-COMM,REJECTED_PA,0.0,US-PA-PHILLY-02
RX-EVT-00176,PAT-TOK-1044,1493028174,ENC-889,2024-03-06,L40.0,329528,0074-3799-02,Humira,TNF Inhibitor,40.0,mg,14,5,PLAN-ESI-COMM,REJECTED_COPAY,85.0,US-PA-PHILLY-02
RX-EVT-00177,PAT-TOK-1057,1982736450,ENC-554,2024-11-24,L40.0,2059343,0074-1050-01,Skyrizi,IL-23 Biologic,150.0,mg,84,5,PLAN-OPTUM-MA,PAID,35.0,US-PA-PHILLY-01
RX-EVT-00178,PAT-TOK-1058,1789420193,ENC-476,2024-08-27,L40.0,858080,57894-060-02,Stelara,IL-12/23 Inhibitor,45.0,mg,84,5,PLAN-BCBS-COMM,PAID,35.0,US-PA-PHILLY-01
RX-EVT-00179,PAT-TOK-1060,1639201948,ENC-936,2024-09-14,I48.0,1364430,0069-4210-66,Eliquis,Direct Oral Anticoagulant,5.0,mg,30,2,PLAN-ESI-COMM,PAID,35.0,US-PA-PHILLY-01
RX-EVT-00180,PAT-TOK-1033,1982736450,ENC-966,2024-09-04,L40.0,858080,57894-060-02,Stelara,IL-12/23 Inhibitor,45.0,mg,84,5,PLAN-CVS-COMM,REJECTED_COPAY,85.0,US-PA-PHILLY-01
RX-EVT-00181,PAT-TOK-1037,1205948372,ENC-950,2024-08-17,L40.0,858080,57894-060-02,Stelara,IL-12/23 Inhibitor,45.0,mg,84,4,PLAN-CVS-COMM,PAID,35.0,US-PA-PHILLY-01
RX-EVT-00182,PAT-TOK-1029,1849201837,ENC-614,2024-07-02,L40.0,2059343,0074-1050-01,Skyrizi,IL-23 Biologic,150.0,mg,84,3,PLAN-ESI-COMM,PAID,35.0,US-NE-T12
RX-EVT-00183,PAT-TOK-1050,1205948372,ENC-765,2024-06-04,L40.0,2059343,0074-1050-01,Skyrizi,IL-23 Biologic,150.0,mg,84,3,PLAN-ESI-COMM,REJECTED_COPAY,85.0,US-PA-PHILLY-01
RX-EVT-00184,PAT-TOK-1018,1982736450,ENC-877,2024-08-23,L40.0,2059343,0074-1050-01,Skyrizi,IL-23 Biologic,150.0,mg,84,4,PLAN-BCBS-COMM,PAID,35.0,US-PA-PHILLY-01
RX-EVT-00185,PAT-TOK-1079,1982736450,ENC-661,2024-05-07,L40.0,2059343,0074-1050-01,Skyrizi,IL-23 Biologic,150.0,mg,84,5,PLAN-BCBS-COMM,PAID,35.0,US-PA-PHILLY-01
RX-EVT-00186,PAT-TOK-1015,1639201948,ENC-754,2024-01-08,L40.0,2059343,0074-1050-01,Skyrizi,IL-23 Biologic,150.0,mg,84,5,PLAN-BCBS-COMM,PAID,35.0,US-PA-PHILLY-01
RX-EVT-00187,PAT-TOK-1009,1205948372,ENC-747,2024-10-18,E11.9,860975,0093-1048-01,Metformin HCl,Biguanide,1000.0,mg,30,5,PLAN-ESI-COMM,PAID,35.0,US-PA-PHILLY-01
RX-EVT-00188,PAT-TOK-1019,1639201948,ENC-526,2024-06-08,I48.0,1364430,0069-4210-66,Eliquis,Direct Oral Anticoagulant,5.0,mg,30,2,PLAN-CVS-COMM,REJECTED_PA,0.0,US-PA-PHILLY-01
RX-EVT-00189,PAT-TOK-1068,1928374650,ENC-905,2024-09-18,L40.0,2059343,0074-1050-01,Skyrizi,IL-23 Biologic,150.0,mg,84,5,PLAN-CVS-COMM,REJECTED_PA,0.0,US-PA-PHILLY-01
RX-EVT-00190,PAT-TOK-1050,1849201837,ENC-865,2024-07-12,L40.0,2059343,0074-1050-01,Skyrizi,IL-23 Biologic,150.0,mg,84,1,PLAN-OPTUM-MA,PAID,35.0,US-NE-T12
RX-EVT-00191,PAT-TOK-1009,1928374650,ENC-890,2024-11-21,L40.0,2059343,0074-1050-01,Skyrizi,IL-23 Biologic,150.0,mg,84,5,PLAN-OPTUM-MA,PAID,35.0,US-PA-PHILLY-01
RX-EVT-00192,PAT-TOK-1018,1982736450,ENC-279,2024-06-27,L40.0,2059343,0074-1050-01,Skyrizi,IL-23 Biologic,150.0,mg,84,4,PLAN-BCBS-COMM,REJECTED_COPAY,85.0,US-PA-PHILLY-01
RX-EVT-00193,PAT-TOK-1024,1493028174,ENC-306,2024-08-02,L40.0,2059343,0074-1050-01,Skyrizi,IL-23 Biologic,150.0,mg,84,1,PLAN-ESI-COMM,PAID,35.0,US-PA-PHILLY-02
RX-EVT-00194,PAT-TOK-1006,1928374650,ENC-584,2024-07-27,I48.0,1364430,0069-4210-66,Eliquis,Direct Oral Anticoagulant,5.0,mg,30,3,PLAN-CVS-COMM,REJECTED_PA,0.0,US-PA-PHILLY-01
RX-EVT-00195,PAT-TOK-1025,1639201948,ENC-227,2024-11-11,L40.0,2059343,0074-1050-01,Skyrizi,IL-23 Biologic,150.0,mg,84,3,PLAN-BCBS-COMM,PAID,35.0,US-PA-PHILLY-01
RX-EVT-00196,PAT-TOK-1052,1849201837,ENC-808,2024-06-06,E11.9,860975,0093-1048-01,Metformin HCl,Biguanide,1000.0,mg,30,4,PLAN-OPTUM-MA,PAID,35.0,US-NE-T12
RX-EVT-00197,PAT-TOK-1067,1639201948,ENC-716,2024-07-03,E11.9,1545653,0597-0152-30,Jardiance,SGLT2 Inhibitor,10.0,mg,30,2,PLAN-OPTUM-MA,PAID,35.0,US-PA-PHILLY-01
RX-EVT-00198,PAT-TOK-1042,1205948372,ENC-556,2024-11-10,L40.0,2059343,0074-1050-01,Skyrizi,IL-23 Biologic,150.0,mg,84,5,PLAN-BCBS-COMM,PAID,35.0,US-PA-PHILLY-01
RX-EVT-00199,PAT-TOK-1022,1849201837,ENC-729,2024-12-28,L40.0,2059343,0074-1050-01,Skyrizi,IL-23 Biologic,150.0,mg,84,4,PLAN-OPTUM-MA,PAID,35.0,US-NE-T12
RX-EVT-00200,PAT-TOK-1008,1205948372,ENC-795,2024-06-17,E11.9,860975,0093-1048-01,Metformin HCl,Biguanide,1000.0,mg,30,2,PLAN-CVS-COMM,REJECTED_COPAY,85.0,US-PA-PHILLY-01
RX-EVT-00201,PAT-TOK-1019,1849201837,ENC-475,2024-02-08,L40.0,2059343,0074-1050-01,Skyrizi,IL-23 Biologic,150.0,mg,84,3,PLAN-BCBS-COMM,REJECTED_COPAY,85.0,US-NE-T12
RX-EVT-00202,PAT-TOK-1073,1982736450,ENC-554,2024-08-12,E11.9,1545653,0597-0152-30,Jardiance,SGLT2 Inhibitor,10.0,mg,30,1,PLAN-ESI-COMM,PAID,35.0,US-PA-PHILLY-01
RX-EVT-00203,PAT-TOK-1068,1928374650,ENC-126,2024-05-08,E11.9,1545653,0597-0152-30,Jardiance,SGLT2 Inhibitor,10.0,mg,30,2,PLAN-BCBS-COMM,PAID,35.0,US-PA-PHILLY-01
RX-EVT-00204,PAT-TOK-1067,1394019284,ENC-820,2024-05-25,L40.0,2059343,0074-1050-01,Skyrizi,IL-23 Biologic,150.0,mg,84,4,PLAN-ESI-COMM,PAID,35.0,US-NE-T12
RX-EVT-00205,PAT-TOK-1079,1639201948,ENC-973,2024-04-04,E11.9,860975,0093-1048-01,Metformin HCl,Biguanide,1000.0,mg,30,1,PLAN-BCBS-COMM,PAID,35.0,US-PA-PHILLY-01
RX-EVT-00206,PAT-TOK-1023,1849201837,ENC-826,2024-06-22,E11.9,1545653,0597-0152-30,Jardiance,SGLT2 Inhibitor,10.0,mg,30,1,PLAN-OPTUM-MA,PAID,35.0,US-NE-T12
RX-EVT-00207,PAT-TOK-1039,1493028174,ENC-620,2024-11-06,E11.9,1545653,0597-0152-30,Jardiance,SGLT2 Inhibitor,10.0,mg,30,2,PLAN-CVS-COMM,PAID,35.0,US-PA-PHILLY-02
RX-EVT-00208,PAT-TOK-1026,1493028174,ENC-686,2024-01-12,E11.9,860975,0093-1048-01,Metformin HCl,Biguanide,1000.0,mg,30,3,PLAN-BCBS-COMM,REJECTED_PA,0.0,US-PA-PHILLY-02
RX-EVT-00209,PAT-TOK-1071,1493028174,ENC-834,2024-02-10,L40.0,2059343,0074-1050-01,Skyrizi,IL-23 Biologic,150.0,mg,84,4,PLAN-BCBS-COMM,PAID,35.0,US-PA-PHILLY-02
RX-EVT-00210,PAT-TOK-1053,1205948372,ENC-560,2024-06-21,L40.0,2059343,0074-1050-01,Skyrizi,IL-23 Biologic,150.0,mg,84,4,PLAN-OPTUM-MA,PAID,35.0,US-PA-PHILLY-01
RX-EVT-00211,PAT-TOK-1017,1493028174,ENC-951,2024-07-17,L40.0,329528,0074-3799-02,Humira,TNF Inhibitor,40.0,mg,14,1,PLAN-ESI-COMM,PAID,35.0,US-PA-PHILLY-02
RX-EVT-00212,PAT-TOK-1039,1493028174,ENC-390,2024-04-12,E11.9,1545653,0597-0152-30,Jardiance,SGLT2 Inhibitor,10.0,mg,30,1,PLAN-OPTUM-MA,REJECTED_PA,0.0,US-PA-PHILLY-02
RX-EVT-00213,PAT-TOK-1026,1639201948,ENC-195,2024-05-20,L40.0,2059343,0074-1050-01,Skyrizi,IL-23 Biologic,150.0,mg,84,5,PLAN-ESI-COMM,REJECTED_PA,0.0,US-PA-PHILLY-01
RX-EVT-00214,PAT-TOK-1076,1493028174,ENC-962,2024-12-20,I48.0,1364430,0069-4210-66,Eliquis,Direct Oral Anticoagulant,5.0,mg,30,5,PLAN-CVS-COMM,PAID,35.0,US-PA-PHILLY-02
RX-EVT-00215,PAT-TOK-1004,1205948372,ENC-371,2024-11-25,L40.0,2059343,0074-1050-01,Skyrizi,IL-23 Biologic,150.0,mg,84,2,PLAN-BCBS-COMM,REJECTED_PA,0.0,US-PA-PHILLY-01
RX-EVT-00216,PAT-TOK-1080,1982736450,ENC-409,2024-09-10,E11.9,1545653,0597-0152-30,Jardiance,SGLT2 Inhibitor,10.0,mg,30,4,PLAN-ESI-COMM,REJECTED_COPAY,85.0,US-PA-PHILLY-01
RX-EVT-00217,PAT-TOK-1052,1639201948,ENC-525,2024-01-06,E11.9,1545653,0597-0152-30,Jardiance,SGLT2 Inhibitor,10.0,mg,30,4,PLAN-BCBS-COMM,PAID,35.0,US-PA-PHILLY-01
RX-EVT-00218,PAT-TOK-1027,1928374650,ENC-981,2024-12-11,L40.0,858080,57894-060-02,Stelara,IL-12/23 Inhibitor,45.0,mg,84,3,PLAN-BCBS-COMM,REJECTED_COPAY,85.0,US-PA-PHILLY-01
RX-EVT-00219,PAT-TOK-1017,1928374650,ENC-225,2024-06-08,L40.0,2059343,0074-1050-01,Skyrizi,IL-23 Biologic,150.0,mg,84,3,PLAN-BCBS-COMM,PAID,35.0,US-PA-PHILLY-01
RX-EVT-00220,PAT-TOK-1032,1493028174,ENC-528,2024-05-13,L40.0,2059343,0074-1050-01,Skyrizi,IL-23 Biologic,150.0,mg,84,2,PLAN-ESI-COMM,REJECTED_PA,0.0,US-PA-PHILLY-02
RX-EVT-00221,PAT-TOK-1042,1928374650,ENC-578,2024-03-16,L40.0,2059343,0074-1050-01,Skyrizi,IL-23 Biologic,150.0,mg,84,4,PLAN-OPTUM-MA,REJECTED_PA,0.0,US-PA-PHILLY-01
RX-EVT-00222,PAT-TOK-1064,1982736450,ENC-346,2024-07-17,L40.0,2059343,0074-1050-01,Skyrizi,IL-23 Biologic,150.0,mg,84,2,PLAN-OPTUM-MA,PAID,35.0,US-PA-PHILLY-01
RX-EVT-00223,PAT-TOK-1007,1982736450,ENC-788,2024-10-27,L40.0,2059343,0074-1050-01,Skyrizi,IL-23 Biologic,150.0,mg,84,4,PLAN-OPTUM-MA,REJECTED_COPAY,85.0,US-PA-PHILLY-01
RX-EVT-00224,PAT-TOK-1069,1982736450,ENC-474,2024-03-09,E11.9,860975,0093-1048-01,Metformin HCl,Biguanide,1000.0,mg,30,4,PLAN-OPTUM-MA,REJECTED_COPAY,85.0,US-PA-PHILLY-01
RX-EVT-00225,PAT-TOK-1006,1394019284,ENC-666,2024-09-07,L40.0,2059343,0074-1050-01,Skyrizi,IL-23 Biologic,150.0,mg,84,3,PLAN-CVS-COMM,PAID,35.0,US-NE-T12
RX-EVT-00226,PAT-TOK-1050,1849201837,ENC-221,2024-10-22,L40.0,858080,57894-060-02,Stelara,IL-12/23 Inhibitor,45.0,mg,84,2,PLAN-CVS-COMM,REJECTED_PA,0.0,US-NE-T12
RX-EVT-00227,PAT-TOK-1051,1928374650,ENC-303,2024-09-12,L40.0,858080,57894-060-02,Stelara,IL-12/23 Inhibitor,45.0,mg,84,5,PLAN-BCBS-COMM,PAID,35.0,US-PA-PHILLY-01
RX-EVT-00228,PAT-TOK-1065,1982736450,ENC-923,2024-03-23,L40.0,2059343,0074-1050-01,Skyrizi,IL-23 Biologic,150.0,mg,84,4,PLAN-BCBS-COMM,PAID,35.0,US-PA-PHILLY-01
RX-EVT-00229,PAT-TOK-1020,1493028174,ENC-731,2024-06-06,I48.0,1364430,0069-4210-66,Eliquis,Direct Oral Anticoagulant,5.0,mg,30,3,PLAN-OPTUM-MA,PAID,35.0,US-PA-PHILLY-02
RX-EVT-00230,PAT-TOK-1065,1849201837,ENC-477,2024-08-27,L40.0,858080,57894-060-02,Stelara,IL-12/23 Inhibitor,45.0,mg,84,3,PLAN-CVS-COMM,PAID,35.0,US-NE-T12
RX-EVT-00231,PAT-TOK-1054,1639201948,ENC-711,2024-12-21,E11.9,1545653,0597-0152-30,Jardiance,SGLT2 Inhibitor,10.0,mg,30,4,PLAN-OPTUM-MA,PAID,35.0,US-PA-PHILLY-01
RX-EVT-00232,PAT-TOK-1075,1789420193,ENC-744,2024-08-06,I48.0,1364430,0069-4210-66,Eliquis,Direct Oral Anticoagulant,5.0,mg,30,5,PLAN-BCBS-COMM,REJECTED_PA,0.0,US-PA-PHILLY-01
RX-EVT-00233,PAT-TOK-1019,1789420193,ENC-119,2024-12-04,L40.0,2059343,0074-1050-01,Skyrizi,IL-23 Biologic,150.0,mg,84,4,PLAN-OPTUM-MA,PAID,35.0,US-PA-PHILLY-01
RX-EVT-00234,PAT-TOK-1054,1493028174,ENC-582,2024-07-17,L40.0,329528,0074-3799-02,Humira,TNF Inhibitor,40.0,mg,14,1,PLAN-ESI-COMM,REJECTED_PA,0.0,US-PA-PHILLY-02
RX-EVT-00235,PAT-TOK-1067,1789420193,ENC-421,2024-08-17,E11.9,1545653,0597-0152-30,Jardiance,SGLT2 Inhibitor,10.0,mg,30,2,PLAN-BCBS-COMM,PAID,35.0,US-PA-PHILLY-01
RX-EVT-00236,PAT-TOK-1069,1928374650,ENC-922,2024-12-22,E11.9,1545653,0597-0152-30,Jardiance,SGLT2 Inhibitor,10.0,mg,30,3,PLAN-BCBS-COMM,REJECTED_COPAY,85.0,US-PA-PHILLY-01
RX-EVT-00237,PAT-TOK-1025,1789420193,ENC-821,2024-04-10,L40.0,858080,57894-060-02,Stelara,IL-12/23 Inhibitor,45.0,mg,84,2,PLAN-BCBS-COMM,PAID,35.0,US-PA-PHILLY-01
RX-EVT-00238,PAT-TOK-1041,1849201837,ENC-687,2024-05-10,E11.9,1545653,0597-0152-30,Jardiance,SGLT2 Inhibitor,10.0,mg,30,5,PLAN-BCBS-COMM,PAID,35.0,US-NE-T12
RX-EVT-00239,PAT-TOK-1051,1928374650,ENC-831,2024-05-02,L40.0,329528,0074-3799-02,Humira,TNF Inhibitor,40.0,mg,14,1,PLAN-OPTUM-MA,PAID,35.0,US-PA-PHILLY-01
RX-EVT-00240,PAT-TOK-1057,1639201948,ENC-377,2024-04-27,L40.0,329528,0074-3799-02,Humira,TNF Inhibitor,40.0,mg,14,5,PLAN-OPTUM-MA,REJECTED_PA,0.0,US-PA-PHILLY-01
RX-EVT-00241,PAT-TOK-1018,1205948372,ENC-785,2024-04-08,I48.0,1364430,0069-4210-66,Eliquis,Direct Oral Anticoagulant,5.0,mg,30,5,PLAN-ESI-COMM,PAID,35.0,US-PA-PHILLY-01
RX-EVT-00242,PAT-TOK-1030,1982736450,ENC-202,2024-06-23,L40.0,2059343,0074-1050-01,Skyrizi,IL-23 Biologic,150.0,mg,84,2,PLAN-CVS-COMM,PAID,35.0,US-PA-PHILLY-01
RX-EVT-00243,PAT-TOK-1071,1493028174,ENC-874,2024-08-21,E11.9,860975,0093-1048-01,Metformin HCl,Biguanide,1000.0,mg,30,3,PLAN-OPTUM-MA,PAID,35.0,US-PA-PHILLY-02
RX-EVT-00244,PAT-TOK-1037,1982736450,ENC-647,2024-11-19,L40.0,2059343,0074-1050-01,Skyrizi,IL-23 Biologic,150.0,mg,84,1,PLAN-ESI-COMM,PAID,35.0,US-PA-PHILLY-01
RX-EVT-00245,PAT-TOK-1054,1493028174,ENC-290,2024-07-26,L40.0,2059343,0074-1050-01,Skyrizi,IL-23 Biologic,150.0,mg,84,3,PLAN-CVS-COMM,PAID,35.0,US-PA-PHILLY-02
RX-EVT-00246,PAT-TOK-1002,1639201948,ENC-756,2024-06-10,L40.0,2059343,0074-1050-01,Skyrizi,IL-23 Biologic,150.0,mg,84,5,PLAN-BCBS-COMM,PAID,35.0,US-PA-PHILLY-01
RX-EVT-00247,PAT-TOK-1018,1849201837,ENC-569,2024-06-06,L40.0,2059343,0074-1050-01,Skyrizi,IL-23 Biologic,150.0,mg,84,3,PLAN-ESI-COMM,REJECTED_COPAY,85.0,US-NE-T12
RX-EVT-00248,PAT-TOK-1002,1928374650,ENC-279,2024-11-25,I48.0,1364430,0069-4210-66,Eliquis,Direct Oral Anticoagulant,5.0,mg,30,5,PLAN-BCBS-COMM,PAID,35.0,US-PA-PHILLY-01
RX-EVT-00249,PAT-TOK-1055,1928374650,ENC-243,2024-11-04,L40.0,2059343,0074-1050-01,Skyrizi,IL-23 Biologic,150.0,mg,84,4,PLAN-OPTUM-MA,PAID,35.0,US-PA-PHILLY-01
RX-EVT-00250,PAT-TOK-1032,1982736450,ENC-437,2024-04-15,L40.0,2059343,0074-1050-01,Skyrizi,IL-23 Biologic,150.0,mg,84,3,PLAN-CVS-COMM,PAID,35.0,US-PA-PHILLY-01
RX-EVT-00251,PAT-TOK-1034,1928374650,ENC-414,2024-11-04,L40.0,2059343,0074-1050-01,Skyrizi,IL-23 Biologic,150.0,mg,84,2,PLAN-BCBS-COMM,PAID,35.0,US-PA-PHILLY-01
RX-EVT-00252,PAT-TOK-1065,1639201948,ENC-326,2024-05-12,E11.9,1545653,0597-0152-30,Jardiance,SGLT2 Inhibitor,10.0,mg,30,2,PLAN-ESI-COMM,REJECTED_PA,0.0,US-PA-PHILLY-01
RX-EVT-00253,PAT-TOK-1062,1493028174,ENC-662,2024-06-14,I48.0,1364430,0069-4210-66,Eliquis,Direct Oral Anticoagulant,5.0,mg,30,4,PLAN-ESI-COMM,REJECTED_COPAY,85.0,US-PA-PHILLY-02
RX-EVT-00254,PAT-TOK-1032,1205948372,ENC-677,2024-12-12,I48.0,1364430,0069-4210-66,Eliquis,Direct Oral Anticoagulant,5.0,mg,30,1,PLAN-CVS-COMM,PAID,35.0,US-PA-PHILLY-01
RX-EVT-00255,PAT-TOK-1071,1789420193,ENC-552,2024-03-11,L40.0,329528,0074-3799-02,Humira,TNF Inhibitor,40.0,mg,14,1,PLAN-ESI-COMM,REJECTED_PA,0.0,US-PA-PHILLY-01
RX-EVT-00256,PAT-TOK-1075,1849201837,ENC-564,2024-09-15,L40.0,2059343,0074-1050-01,Skyrizi,IL-23 Biologic,150.0,mg,84,2,PLAN-BCBS-COMM,PAID,35.0,US-NE-T12
RX-EVT-00257,PAT-TOK-1059,1982736450,ENC-505,2024-05-24,E11.9,1545653,0597-0152-30,Jardiance,SGLT2 Inhibitor,10.0,mg,30,3,PLAN-CVS-COMM,PAID,35.0,US-PA-PHILLY-01
RX-EVT-00258,PAT-TOK-1028,1205948372,ENC-654,2024-06-23,L40.0,2059343,0074-1050-01,Skyrizi,IL-23 Biologic,150.0,mg,84,1,PLAN-CVS-COMM,PAID,35.0,US-PA-PHILLY-01
RX-EVT-00259,PAT-TOK-1061,1982736450,ENC-884,2024-03-25,L40.0,2059343,0074-1050-01,Skyrizi,IL-23 Biologic,150.0,mg,84,4,PLAN-OPTUM-MA,PAID,35.0,US-PA-PHILLY-01
RX-EVT-00260,PAT-TOK-1049,1849201837,ENC-777,2024-07-03,E11.9,860975,0093-1048-01,Metformin HCl,Biguanide,1000.0,mg,30,5,PLAN-ESI-COMM,REJECTED_COPAY,85.0,US-NE-T12
RX-EVT-00261,PAT-TOK-1045,1205948372,ENC-230,2024-09-13,L40.0,2059343,0074-1050-01,Skyrizi,IL-23 Biologic,150.0,mg,84,2,PLAN-CVS-COMM,REJECTED_PA,0.0,US-PA-PHILLY-01
RX-EVT-00262,PAT-TOK-1003,1639201948,ENC-488,2024-09-14,E11.9,1545653,0597-0152-30,Jardiance,SGLT2 Inhibitor,10.0,mg,30,2,PLAN-ESI-COMM,REJECTED_PA,0.0,US-PA-PHILLY-01
RX-EVT-00263,PAT-TOK-1059,1928374650,ENC-132,2024-04-24,L40.0,2059343,0074-1050-01,Skyrizi,IL-23 Biologic,150.0,mg,84,4,PLAN-CVS-COMM,PAID,35.0,US-PA-PHILLY-01
RX-EVT-00264,PAT-TOK-1031,1789420193,ENC-712,2024-10-02,L40.0,2059343,0074-1050-01,Skyrizi,IL-23 Biologic,150.0,mg,84,1,PLAN-ESI-COMM,PAID,35.0,US-PA-PHILLY-01
RX-EVT-00265,PAT-TOK-1006,1394019284,ENC-243,2024-04-25,I48.0,1364430,0069-4210-66,Eliquis,Direct Oral Anticoagulant,5.0,mg,30,5,PLAN-OPTUM-MA,PAID,35.0,US-NE-T12
RX-EVT-00266,PAT-TOK-1030,1928374650,ENC-997,2024-06-08,E11.9,1545653,0597-0152-30,Jardiance,SGLT2 Inhibitor,10.0,mg,30,2,PLAN-ESI-COMM,PAID,35.0,US-PA-PHILLY-01
RX-EVT-00267,PAT-TOK-1053,1639201948,ENC-741,2024-10-24,I48.0,1364430,0069-4210-66,Eliquis,Direct Oral Anticoagulant,5.0,mg,30,4,PLAN-BCBS-COMM,PAID,35.0,US-PA-PHILLY-01
RX-EVT-00268,PAT-TOK-1007,1928374650,ENC-426,2024-07-26,E11.9,1545653,0597-0152-30,Jardiance,SGLT2 Inhibitor,10.0,mg,30,4,PLAN-BCBS-COMM,REJECTED_PA,0.0,US-PA-PHILLY-01
RX-EVT-00269,PAT-TOK-1020,1639201948,ENC-407,2024-08-08,I48.0,1364430,0069-4210-66,Eliquis,Direct Oral Anticoagulant,5.0,mg,30,2,PLAN-BCBS-COMM,PAID,35.0,US-PA-PHILLY-01
RX-EVT-00270,PAT-TOK-1008,1394019284,ENC-348,2024-09-05,I48.0,1364430,0069-4210-66,Eliquis,Direct Oral Anticoagulant,5.0,mg,30,3,PLAN-ESI-COMM,PAID,35.0,US-NE-T12
RX-EVT-00271,PAT-TOK-1043,1205948372,ENC-949,2024-02-18,L40.0,858080,57894-060-02,Stelara,IL-12/23 Inhibitor,45.0,mg,84,2,PLAN-CVS-COMM,REJECTED_COPAY,85.0,US-PA-PHILLY-01
RX-EVT-00272,PAT-TOK-1035,1394019284,ENC-292,2024-01-28,I48.0,1364430,0069-4210-66,Eliquis,Direct Oral Anticoagulant,5.0,mg,30,5,PLAN-ESI-COMM,PAID,35.0,US-NE-T12
RX-EVT-00273,PAT-TOK-1062,1789420193,ENC-294,2024-05-01,L40.0,858080,57894-060-02,Stelara,IL-12/23 Inhibitor,45.0,mg,84,1,PLAN-BCBS-COMM,PAID,35.0,US-PA-PHILLY-01
RX-EVT-00274,PAT-TOK-1032,1789420193,ENC-489,2024-09-11,L40.0,329528,0074-3799-02,Humira,TNF Inhibitor,40.0,mg,14,4,PLAN-OPTUM-MA,PAID,35.0,US-PA-PHILLY-01
RX-EVT-00275,PAT-TOK-1040,1639201948,ENC-580,2024-08-04,E11.9,860975,0093-1048-01,Metformin HCl,Biguanide,1000.0,mg,30,3,PLAN-ESI-COMM,REJECTED_COPAY,85.0,US-PA-PHILLY-01
RX-EVT-00276,PAT-TOK-1048,1928374650,ENC-116,2024-04-24,I48.0,1364430,0069-4210-66,Eliquis,Direct Oral Anticoagulant,5.0,mg,30,3,PLAN-BCBS-COMM,PAID,35.0,US-PA-PHILLY-01
RX-EVT-00277,PAT-TOK-1038,1493028174,ENC-611,2024-07-19,L40.0,329528,0074-3799-02,Humira,TNF Inhibitor,40.0,mg,14,5,PLAN-OPTUM-MA,PAID,35.0,US-PA-PHILLY-02
RX-EVT-00278,PAT-TOK-1033,1849201837,ENC-272,2024-12-16,E11.9,1545653,0597-0152-30,Jardiance,SGLT2 Inhibitor,10.0,mg,30,3,PLAN-ESI-COMM,PAID,35.0,US-NE-T12
RX-EVT-00279,PAT-TOK-1018,1849201837,ENC-134,2024-11-02,I48.0,1364430,0069-4210-66,Eliquis,Direct Oral Anticoagulant,5.0,mg,30,1,PLAN-CVS-COMM,REJECTED_PA,0.0,US-NE-T12
RX-EVT-00280,PAT-TOK-1001,1394019284,ENC-824,2024-11-08,L40.0,2059343,0074-1050-01,Skyrizi,IL-23 Biologic,150.0,mg,84,2,PLAN-CVS-COMM,PAID,35.0,US-NE-T12
