LAB_ID,PATIENT_ID,COLLECTION_DATE,LOINC_CODE,TEST_NAME,NUMERIC_VALUE,UNITS,REFERENCE_RANGE,INTERPRETATION,ABNORMAL_FLAG,ORDERING_PHYSICIAN
LAB-10001,PT-1001,2025-02-10,33914-3,Glomerular Filtration Rate (eGFR/1.73m2),52.4,mL/min/1.73m2,> 60.0,Mild to Moderate Reduction (Stage 3a),L,"Dr. Robert Harrison, MD"
LAB-10002,PT-1001,2025-08-15,33914-3,Glomerular Filtration Rate (eGFR/1.73m2),41.2,mL/min/1.73m2,> 60.0,Moderate to Severe Reduction (Stage 3b),L,"Dr. Robert Harrison, MD"
LAB-10003,PT-1001,2026-02-12,33914-3,Glomerular Filtration Rate (eGFR/1.73m2),33.8,mL/min/1.73m2,> 60.0,Approaching Severe Reduction,L,"Dr. Robert Harrison, MD"
LAB-10004,PT-1001,2026-08-20,33914-3,Glomerular Filtration Rate (eGFR/1.73m2),28.1,mL/min/1.73m2,> 60.0,Severe Reduction (Stage 4) - CRITICAL CONTRAINDICATION,LL,"Dr. Robert Harrison, MD"
LAB-10005,PT-1001,2025-02-10,2160-0,"Creatinine, Serum",1.35,mg/dL,0.50 - 1.10,Mild Elevation,H,"Dr. Robert Harrison, MD"
LAB-10006,PT-1001,2025-08-15,2160-0,"Creatinine, Serum",1.62,mg/dL,0.50 - 1.10,Elevated,H,"Dr. Robert Harrison, MD"
LAB-10007,PT-1001,2026-02-12,2160-0,"Creatinine, Serum",1.95,mg/dL,0.50 - 1.10,Elevated,H,"Dr. Robert Harrison, MD"
LAB-10008,PT-1001,2026-08-20,2160-0,"Creatinine, Serum",2.45,mg/dL,0.50 - 1.10,Critical Renal Impairment,HH,"Dr. Robert Harrison, MD"
LAB-10009,PT-1002,2025-05-10,4548-4,Hemoglobin A1c (HbA1c),8.7,%,< 5.7,Poor Glycemic Control (HEDIS Gap Flag),H,"Dr. Sarah Jenkins, MD"
LAB-10010,PT-1003,2026-08-14,718-7,"Hemoglobin, Blood",9.4,g/dL,13.8 - 17.2,Moderate Anemia (Potential Occult GI Bleeding),L,"Dr. David Kim, MD"
LAB-10011,PT-1003,2026-08-14,42637-9,B-Type Natriuretic Peptide (BNP),780.0,pg/mL,< 100.0,Decompensated Heart Failure Exacerbation,HH,"Dr. David Kim, MD"
LAB-10012,PT-1001,2026-02-27,2085-9,HDL Cholesterol,53.4,mg/dL,> 40.0,Within Normal Limits,N,"Dr. Robert Harrison, MD (Internal Medicine)"
LAB-10013,PT-1001,2026-09-03,2085-9,HDL Cholesterol,54.1,mg/dL,> 40.0,Within Normal Limits,N,"Dr. Robert Harrison, MD (Internal Medicine)"
LAB-10014,PT-1001,2026-07-09,4548-4,Hemoglobin A1c (HbA1c),6.9,%,< 5.7,Diabetic Range,H,"Dr. Robert Harrison, MD (Internal Medicine)"
LAB-10015,PT-1001,2026-08-22,718-7,"Hemoglobin, Blood",14.1,g/dL,12.0 - 16.0,Within Normal Limits,N,"Dr. Robert Harrison, MD (Internal Medicine)"
LAB-10016,PT-1001,2026-05-31,33914-3,Glomerular Filtration Rate (eGFR),70.2,mL/min/1.73m2,> 60.0,Within Normal Limits,N,"Dr. Robert Harrison, MD (Internal Medicine)"
LAB-10017,PT-1002,2026-03-06,33914-3,Glomerular Filtration Rate (eGFR),68.5,mL/min/1.73m2,> 60.0,Within Normal Limits,N,"Dr. Sarah Jenkins, MD (Endocrinology)"
LAB-10018,PT-1002,2026-02-13,33914-3,Glomerular Filtration Rate (eGFR),85.1,mL/min/1.73m2,> 60.0,Within Normal Limits,N,"Dr. Sarah Jenkins, MD (Endocrinology)"
LAB-10019,PT-1002,2026-01-19,33914-3,Glomerular Filtration Rate (eGFR),88.4,mL/min/1.73m2,> 60.0,Within Normal Limits,N,"Dr. Sarah Jenkins, MD (Endocrinology)"
LAB-10020,PT-1002,2026-08-21,4548-4,Hemoglobin A1c (HbA1c),7.1,%,< 5.7,Diabetic Range,H,"Dr. Sarah Jenkins, MD (Endocrinology)"
LAB-10021,PT-1002,2026-08-12,33914-3,Glomerular Filtration Rate (eGFR),64.0,mL/min/1.73m2,> 60.0,Within Normal Limits,N,"Dr. Sarah Jenkins, MD (Endocrinology)"
LAB-10022,PT-1002,2026-08-27,718-7,"Hemoglobin, Blood",16.3,g/dL,12.0 - 16.0,Within Normal Limits,N,"Dr. Sarah Jenkins, MD (Endocrinology)"
LAB-10023,PT-1002,2026-05-13,718-7,"Hemoglobin, Blood",12.1,g/dL,12.0 - 16.0,Within Normal Limits,N,"Dr. Sarah Jenkins, MD (Endocrinology)"
LAB-10024,PT-1003,2026-06-30,718-7,"Hemoglobin, Blood",12.1,g/dL,12.0 - 16.0,Within Normal Limits,N,"Dr. David Kim, MD (Cardiology)"
LAB-10025,PT-1003,2025-10-09,2160-0,"Creatinine, Serum",0.8,mg/dL,0.50 - 1.10,Within Normal Limits,N,"Dr. David Kim, MD (Cardiology)"
LAB-10026,PT-1003,2026-05-28,4548-4,Hemoglobin A1c (HbA1c),6.7,%,< 5.7,Diabetic Range,H,"Dr. David Kim, MD (Cardiology)"
LAB-10027,PT-1003,2026-03-12,2093-3,"Cholesterol, Total",216.0,mg/dL,< 200.0,Borderline High,H,"Dr. David Kim, MD (Cardiology)"
LAB-10028,PT-1003,2026-07-20,2160-0,"Creatinine, Serum",1.1,mg/dL,0.50 - 1.10,Within Normal Limits,N,"Dr. David Kim, MD (Cardiology)"
LAB-10029,PT-1004,2026-09-03,33914-3,Glomerular Filtration Rate (eGFR),59.3,mL/min/1.73m2,> 60.0,Mild Renal Reduction,L,"Dr. Anita Sharma, MD (Family Medicine)"
LAB-10030,PT-1004,2026-03-08,33914-3,Glomerular Filtration Rate (eGFR),78.0,mL/min/1.73m2,> 60.0,Within Normal Limits,N,"Dr. Anita Sharma, MD (Family Medicine)"
LAB-10031,PT-1004,2026-06-07,2093-3,"Cholesterol, Total",235.3,mg/dL,< 200.0,Borderline High,H,"Dr. Anita Sharma, MD (Family Medicine)"
LAB-10032,PT-1004,2025-10-30,4548-4,Hemoglobin A1c (HbA1c),6.7,%,< 5.7,Diabetic Range,H,"Dr. Anita Sharma, MD (Family Medicine)"
LAB-10033,PT-1004,2026-04-15,2160-0,"Creatinine, Serum",0.8,mg/dL,0.50 - 1.10,Within Normal Limits,N,"Dr. Anita Sharma, MD (Family Medicine)"
LAB-10034,PT-1005,2025-12-01,718-7,"Hemoglobin, Blood",12.5,g/dL,12.0 - 16.0,Within Normal Limits,N,"Dr. Anita Sharma, MD (Family Medicine)"
LAB-10035,PT-1005,2025-12-18,718-7,"Hemoglobin, Blood",12.2,g/dL,12.0 - 16.0,Within Normal Limits,N,"Dr. Anita Sharma, MD (Family Medicine)"
LAB-10036,PT-1005,2026-08-12,2093-3,"Cholesterol, Total",212.9,mg/dL,< 200.0,Borderline High,H,"Dr. Anita Sharma, MD (Family Medicine)"
LAB-10037,PT-1005,2026-09-10,2085-9,HDL Cholesterol,56.2,mg/dL,> 40.0,Within Normal Limits,N,"Dr. Anita Sharma, MD (Family Medicine)"
LAB-10038,PT-1005,2026-01-09,718-7,"Hemoglobin, Blood",13.9,g/dL,12.0 - 16.0,Within Normal Limits,N,"Dr. Anita Sharma, MD (Family Medicine)"
LAB-10039,PT-1005,2026-03-15,4548-4,Hemoglobin A1c (HbA1c),6.3,%,< 5.7,Within Normal Limits,N,"Dr. Anita Sharma, MD (Family Medicine)"
LAB-10040,PT-1005,2026-01-24,13457-7,LDL Cholesterol,151.3,mg/dL,< 100.0,Within Normal Limits,N,"Dr. Anita Sharma, MD (Family Medicine)"
LAB-10041,PT-1005,2026-06-18,13457-7,LDL Cholesterol,92.2,mg/dL,< 100.0,Within Normal Limits,N,"Dr. Anita Sharma, MD (Family Medicine)"
LAB-10042,PT-1006,2025-12-15,13457-7,LDL Cholesterol,101.6,mg/dL,< 100.0,Within Normal Limits,N,"Dr. Robert Harrison, MD (Internal Medicine)"
LAB-10043,PT-1006,2026-02-05,718-7,"Hemoglobin, Blood",14.2,g/dL,12.0 - 16.0,Within Normal Limits,N,"Dr. Robert Harrison, MD (Internal Medicine)"
LAB-10044,PT-1006,2026-05-02,718-7,"Hemoglobin, Blood",15.3,g/dL,12.0 - 16.0,Within Normal Limits,N,"Dr. Robert Harrison, MD (Internal Medicine)"
LAB-10045,PT-1006,2026-08-03,33914-3,Glomerular Filtration Rate (eGFR),89.1,mL/min/1.73m2,> 60.0,Within Normal Limits,N,"Dr. Robert Harrison, MD (Internal Medicine)"
LAB-10046,PT-1006,2026-05-15,33914-3,Glomerular Filtration Rate (eGFR),90.3,mL/min/1.73m2,> 60.0,Within Normal Limits,N,"Dr. Robert Harrison, MD (Internal Medicine)"
LAB-10047,PT-1006,2025-11-08,718-7,"Hemoglobin, Blood",14.1,g/dL,12.0 - 16.0,Within Normal Limits,N,"Dr. Robert Harrison, MD (Internal Medicine)"
LAB-10048,PT-1006,2026-09-02,13457-7,LDL Cholesterol,110.3,mg/dL,< 100.0,Within Normal Limits,N,"Dr. Robert Harrison, MD (Internal Medicine)"
LAB-10049,PT-1006,2026-06-15,2093-3,"Cholesterol, Total",228.1,mg/dL,< 200.0,Borderline High,H,"Dr. Robert Harrison, MD (Internal Medicine)"
LAB-10050,PT-1007,2026-05-07,2160-0,"Creatinine, Serum",0.9,mg/dL,0.50 - 1.10,Within Normal Limits,N,"Dr. Robert Harrison, MD (Internal Medicine)"
LAB-10051,PT-1007,2025-11-15,33914-3,Glomerular Filtration Rate (eGFR),66.2,mL/min/1.73m2,> 60.0,Within Normal Limits,N,"Dr. Robert Harrison, MD (Internal Medicine)"
LAB-10052,PT-1007,2025-12-06,13457-7,LDL Cholesterol,150.4,mg/dL,< 100.0,Within Normal Limits,N,"Dr. Robert Harrison, MD (Internal Medicine)"
LAB-10053,PT-1007,2026-06-11,4548-4,Hemoglobin A1c (HbA1c),6.5,%,< 5.7,Within Normal Limits,N,"Dr. Robert Harrison, MD (Internal Medicine)"
LAB-10054,PT-1007,2026-02-20,4548-4,Hemoglobin A1c (HbA1c),5.8,%,< 5.7,Within Normal Limits,N,"Dr. Robert Harrison, MD (Internal Medicine)"
LAB-10055,PT-1007,2026-05-16,2093-3,"Cholesterol, Total",204.4,mg/dL,< 200.0,Borderline High,H,"Dr. Robert Harrison, MD (Internal Medicine)"
LAB-10056,PT-1007,2026-01-08,13457-7,LDL Cholesterol,118.1,mg/dL,< 100.0,Within Normal Limits,N,"Dr. Robert Harrison, MD (Internal Medicine)"
LAB-10057,PT-1008,2026-04-19,718-7,"Hemoglobin, Blood",12.1,g/dL,12.0 - 16.0,Within Normal Limits,N,"Dr. David Kim, MD (Cardiology)"
LAB-10058,PT-1008,2026-05-15,2160-0,"Creatinine, Serum",1.0,mg/dL,0.50 - 1.10,Within Normal Limits,N,"Dr. David Kim, MD (Cardiology)"
LAB-10059,PT-1008,2026-03-12,33914-3,Glomerular Filtration Rate (eGFR),81.6,mL/min/1.73m2,> 60.0,Within Normal Limits,N,"Dr. David Kim, MD (Cardiology)"
LAB-10060,PT-1008,2026-03-24,2093-3,"Cholesterol, Total",204.3,mg/dL,< 200.0,Borderline High,H,"Dr. David Kim, MD (Cardiology)"
LAB-10061,PT-1008,2025-12-09,2093-3,"Cholesterol, Total",239.7,mg/dL,< 200.0,Borderline High,H,"Dr. David Kim, MD (Cardiology)"
LAB-10062,PT-1008,2026-01-27,33914-3,Glomerular Filtration Rate (eGFR),69.1,mL/min/1.73m2,> 60.0,Within Normal Limits,N,"Dr. David Kim, MD (Cardiology)"
LAB-10063,PT-1008,2026-05-21,33914-3,Glomerular Filtration Rate (eGFR),67.3,mL/min/1.73m2,> 60.0,Within Normal Limits,N,"Dr. David Kim, MD (Cardiology)"
LAB-10064,PT-1009,2026-07-17,13457-7,LDL Cholesterol,95.4,mg/dL,< 100.0,Within Normal Limits,N,"Dr. Sarah Jenkins, MD (Endocrinology)"
LAB-10065,PT-1009,2025-09-28,13457-7,LDL Cholesterol,122.9,mg/dL,< 100.0,Within Normal Limits,N,"Dr. Sarah Jenkins, MD (Endocrinology)"
LAB-10066,PT-1009,2026-01-12,2160-0,"Creatinine, Serum",0.8,mg/dL,0.50 - 1.10,Within Normal Limits,N,"Dr. Sarah Jenkins, MD (Endocrinology)"
LAB-10067,PT-1009,2025-12-22,33914-3,Glomerular Filtration Rate (eGFR),84.0,mL/min/1.73m2,> 60.0,Within Normal Limits,N,"Dr. Sarah Jenkins, MD (Endocrinology)"
LAB-10068,PT-1010,2026-06-09,33914-3,Glomerular Filtration Rate (eGFR),94.2,mL/min/1.73m2,> 60.0,Within Normal Limits,N,"Dr. David Kim, MD (Cardiology)"
LAB-10069,PT-1010,2026-06-17,33914-3,Glomerular Filtration Rate (eGFR),64.1,mL/min/1.73m2,> 60.0,Within Normal Limits,N,"Dr. David Kim, MD (Cardiology)"
LAB-10070,PT-1010,2025-12-17,33914-3,Glomerular Filtration Rate (eGFR),55.6,mL/min/1.73m2,> 60.0,Mild Renal Reduction,L,"Dr. David Kim, MD (Cardiology)"
LAB-10071,PT-1010,2026-08-20,2160-0,"Creatinine, Serum",0.9,mg/dL,0.50 - 1.10,Within Normal Limits,N,"Dr. David Kim, MD (Cardiology)"
LAB-10072,PT-1010,2026-07-14,2085-9,HDL Cholesterol,47.3,mg/dL,> 40.0,Within Normal Limits,N,"Dr. David Kim, MD (Cardiology)"
LAB-10073,PT-1010,2026-01-08,13457-7,LDL Cholesterol,149.5,mg/dL,< 100.0,Within Normal Limits,N,"Dr. David Kim, MD (Cardiology)"
LAB-10074,PT-1010,2025-11-27,4548-4,Hemoglobin A1c (HbA1c),7.5,%,< 5.7,Diabetic Range,H,"Dr. David Kim, MD (Cardiology)"
LAB-10075,PT-1010,2026-02-03,33914-3,Glomerular Filtration Rate (eGFR),73.8,mL/min/1.73m2,> 60.0,Within Normal Limits,N,"Dr. David Kim, MD (Cardiology)"
LAB-10076,PT-1011,2026-05-10,2160-0,"Creatinine, Serum",1.4,mg/dL,0.50 - 1.10,Within Normal Limits,N,"Dr. Sarah Jenkins, MD (Endocrinology)"
LAB-10077,PT-1011,2026-08-14,718-7,"Hemoglobin, Blood",14.1,g/dL,12.0 - 16.0,Within Normal Limits,N,"Dr. Sarah Jenkins, MD (Endocrinology)"
LAB-10078,PT-1011,2025-11-25,2093-3,"Cholesterol, Total",199.3,mg/dL,< 200.0,Within Normal Limits,N,"Dr. Sarah Jenkins, MD (Endocrinology)"
LAB-10079,PT-1011,2026-07-01,13457-7,LDL Cholesterol,134.9,mg/dL,< 100.0,Within Normal Limits,N,"Dr. Sarah Jenkins, MD (Endocrinology)"
LAB-10080,PT-1011,2026-04-14,2160-0,"Creatinine, Serum",1.3,mg/dL,0.50 - 1.10,Within Normal Limits,N,"Dr. Sarah Jenkins, MD (Endocrinology)"
LAB-10081,PT-1011,2026-07-18,4548-4,Hemoglobin A1c (HbA1c),7.8,%,< 5.7,Diabetic Range,H,"Dr. Sarah Jenkins, MD (Endocrinology)"
LAB-10082,PT-1012,2025-11-15,718-7,"Hemoglobin, Blood",13.9,g/dL,12.0 - 16.0,Within Normal Limits,N,"Dr. Robert Harrison, MD (Internal Medicine)"
LAB-10083,PT-1012,2025-12-23,718-7,"Hemoglobin, Blood",14.8,g/dL,12.0 - 16.0,Within Normal Limits,N,"Dr. Robert Harrison, MD (Internal Medicine)"
LAB-10084,PT-1012,2026-02-02,2093-3,"Cholesterol, Total",196.0,mg/dL,< 200.0,Within Normal Limits,N,"Dr. Robert Harrison, MD (Internal Medicine)"
LAB-10085,PT-1012,2026-02-09,33914-3,Glomerular Filtration Rate (eGFR),89.4,mL/min/1.73m2,> 60.0,Within Normal Limits,N,"Dr. Robert Harrison, MD (Internal Medicine)"
LAB-10086,PT-1012,2026-08-17,33914-3,Glomerular Filtration Rate (eGFR),77.7,mL/min/1.73m2,> 60.0,Within Normal Limits,N,"Dr. Robert Harrison, MD (Internal Medicine)"
LAB-10087,PT-1012,2026-07-28,2085-9,HDL Cholesterol,64.0,mg/dL,> 40.0,Within Normal Limits,N,"Dr. Robert Harrison, MD (Internal Medicine)"
LAB-10088,PT-1012,2026-05-31,718-7,"Hemoglobin, Blood",12.9,g/dL,12.0 - 16.0,Within Normal Limits,N,"Dr. Robert Harrison, MD (Internal Medicine)"
LAB-10089,PT-1012,2026-06-28,33914-3,Glomerular Filtration Rate (eGFR),81.4,mL/min/1.73m2,> 60.0,Within Normal Limits,N,"Dr. Robert Harrison, MD (Internal Medicine)"
LAB-10090,PT-1013,2026-06-28,2160-0,"Creatinine, Serum",1.1,mg/dL,0.50 - 1.10,Within Normal Limits,N,"Dr. Anita Sharma, MD (Family Medicine)"
LAB-10091,PT-1013,2025-09-29,4548-4,Hemoglobin A1c (HbA1c),6.3,%,< 5.7,Within Normal Limits,N,"Dr. Anita Sharma, MD (Family Medicine)"
LAB-10092,PT-1013,2026-08-31,2085-9,HDL Cholesterol,51.7,mg/dL,> 40.0,Within Normal Limits,N,"Dr. Anita Sharma, MD (Family Medicine)"
LAB-10093,PT-1013,2026-04-25,2160-0,"Creatinine, Serum",0.9,mg/dL,0.50 - 1.10,Within Normal Limits,N,"Dr. Anita Sharma, MD (Family Medicine)"
LAB-10094,PT-1013,2026-08-11,13457-7,LDL Cholesterol,148.8,mg/dL,< 100.0,Within Normal Limits,N,"Dr. Anita Sharma, MD (Family Medicine)"
LAB-10095,PT-1014,2025-10-31,33914-3,Glomerular Filtration Rate (eGFR),86.5,mL/min/1.73m2,> 60.0,Within Normal Limits,N,"Dr. David Kim, MD (Cardiology)"
LAB-10096,PT-1014,2026-06-07,2085-9,HDL Cholesterol,56.5,mg/dL,> 40.0,Within Normal Limits,N,"Dr. David Kim, MD (Cardiology)"
LAB-10097,PT-1014,2026-05-24,2093-3,"Cholesterol, Total",169.2,mg/dL,< 200.0,Within Normal Limits,N,"Dr. David Kim, MD (Cardiology)"
LAB-10098,PT-1014,2026-05-03,13457-7,LDL Cholesterol,91.9,mg/dL,< 100.0,Within Normal Limits,N,"Dr. David Kim, MD (Cardiology)"
LAB-10099,PT-1014,2026-08-17,718-7,"Hemoglobin, Blood",12.6,g/dL,12.0 - 16.0,Within Normal Limits,N,"Dr. David Kim, MD (Cardiology)"
LAB-10100,PT-1015,2025-11-29,718-7,"Hemoglobin, Blood",13.4,g/dL,12.0 - 16.0,Within Normal Limits,N,"Dr. Robert Harrison, MD (Internal Medicine)"
LAB-10101,PT-1015,2026-01-20,33914-3,Glomerular Filtration Rate (eGFR),72.6,mL/min/1.73m2,> 60.0,Within Normal Limits,N,"Dr. Robert Harrison, MD (Internal Medicine)"
LAB-10102,PT-1015,2026-02-22,13457-7,LDL Cholesterol,104.3,mg/dL,< 100.0,Within Normal Limits,N,"Dr. Robert Harrison, MD (Internal Medicine)"
LAB-10103,PT-1015,2026-01-07,33914-3,Glomerular Filtration Rate (eGFR),75.0,mL/min/1.73m2,> 60.0,Within Normal Limits,N,"Dr. Robert Harrison, MD (Internal Medicine)"
LAB-10104,PT-1015,2026-08-27,2093-3,"Cholesterol, Total",166.4,mg/dL,< 200.0,Within Normal Limits,N,"Dr. Robert Harrison, MD (Internal Medicine)"
LAB-10105,PT-1016,2026-05-11,13457-7,LDL Cholesterol,105.8,mg/dL,< 100.0,Within Normal Limits,N,"Dr. Maria Gonzalez, MD (Nephrology)"
LAB-10106,PT-1016,2025-10-06,4548-4,Hemoglobin A1c (HbA1c),5.4,%,< 5.7,Within Normal Limits,N,"Dr. Maria Gonzalez, MD (Nephrology)"
LAB-10107,PT-1016,2025-11-20,718-7,"Hemoglobin, Blood",15.9,g/dL,12.0 - 16.0,Within Normal Limits,N,"Dr. Maria Gonzalez, MD (Nephrology)"
LAB-10108,PT-1016,2025-10-07,4548-4,Hemoglobin A1c (HbA1c),7.8,%,< 5.7,Diabetic Range,H,"Dr. Maria Gonzalez, MD (Nephrology)"
LAB-10109,PT-1016,2026-08-27,718-7,"Hemoglobin, Blood",13.2,g/dL,12.0 - 16.0,Within Normal Limits,N,"Dr. Maria Gonzalez, MD (Nephrology)"
LAB-10110,PT-1016,2026-01-19,718-7,"Hemoglobin, Blood",15.4,g/dL,12.0 - 16.0,Within Normal Limits,N,"Dr. Maria Gonzalez, MD (Nephrology)"
LAB-10111,PT-1016,2026-04-27,2085-9,HDL Cholesterol,56.3,mg/dL,> 40.0,Within Normal Limits,N,"Dr. Maria Gonzalez, MD (Nephrology)"
LAB-10112,PT-1017,2026-01-08,2085-9,HDL Cholesterol,50.9,mg/dL,> 40.0,Within Normal Limits,N,"Dr. Anita Sharma, MD (Family Medicine)"
LAB-10113,PT-1017,2026-02-19,4548-4,Hemoglobin A1c (HbA1c),6.4,%,< 5.7,Within Normal Limits,N,"Dr. Anita Sharma, MD (Family Medicine)"
LAB-10114,PT-1017,2026-07-25,33914-3,Glomerular Filtration Rate (eGFR),67.8,mL/min/1.73m2,> 60.0,Within Normal Limits,N,"Dr. Anita Sharma, MD (Family Medicine)"
LAB-10115,PT-1017,2026-02-18,718-7,"Hemoglobin, Blood",12.7,g/dL,12.0 - 16.0,Within Normal Limits,N,"Dr. Anita Sharma, MD (Family Medicine)"
LAB-10116,PT-1017,2025-10-12,13457-7,LDL Cholesterol,119.6,mg/dL,< 100.0,Within Normal Limits,N,"Dr. Anita Sharma, MD (Family Medicine)"
LAB-10117,PT-1018,2026-08-29,718-7,"Hemoglobin, Blood",15.4,g/dL,12.0 - 16.0,Within Normal Limits,N,"Dr. Sarah Jenkins, MD (Endocrinology)"
LAB-10118,PT-1018,2026-05-10,2093-3,"Cholesterol, Total",167.0,mg/dL,< 200.0,Within Normal Limits,N,"Dr. Sarah Jenkins, MD (Endocrinology)"
LAB-10119,PT-1018,2026-02-22,33914-3,Glomerular Filtration Rate (eGFR),59.6,mL/min/1.73m2,> 60.0,Mild Renal Reduction,L,"Dr. Sarah Jenkins, MD (Endocrinology)"
LAB-10120,PT-1018,2026-09-16,718-7,"Hemoglobin, Blood",14.3,g/dL,12.0 - 16.0,Within Normal Limits,N,"Dr. Sarah Jenkins, MD (Endocrinology)"
LAB-10121,PT-1018,2026-01-23,13457-7,LDL Cholesterol,149.5,mg/dL,< 100.0,Within Normal Limits,N,"Dr. Sarah Jenkins, MD (Endocrinology)"
LAB-10122,PT-1018,2025-12-25,2093-3,"Cholesterol, Total",164.3,mg/dL,< 200.0,Within Normal Limits,N,"Dr. Sarah Jenkins, MD (Endocrinology)"
LAB-10123,PT-1018,2026-01-04,33914-3,Glomerular Filtration Rate (eGFR),79.9,mL/min/1.73m2,> 60.0,Within Normal Limits,N,"Dr. Sarah Jenkins, MD (Endocrinology)"
LAB-10124,PT-1019,2026-05-03,718-7,"Hemoglobin, Blood",12.2,g/dL,12.0 - 16.0,Within Normal Limits,N,"Dr. Robert Harrison, MD (Internal Medicine)"
LAB-10125,PT-1019,2026-04-22,2085-9,HDL Cholesterol,43.3,mg/dL,> 40.0,Within Normal Limits,N,"Dr. Robert Harrison, MD (Internal Medicine)"
LAB-10126,PT-1019,2026-01-11,2093-3,"Cholesterol, Total",230.5,mg/dL,< 200.0,Borderline High,H,"Dr. Robert Harrison, MD (Internal Medicine)"
LAB-10127,PT-1019,2025-10-29,4548-4,Hemoglobin A1c (HbA1c),5.3,%,< 5.7,Within Normal Limits,N,"Dr. Robert Harrison, MD (Internal Medicine)"
LAB-10128,PT-1019,2026-06-27,2085-9,HDL Cholesterol,60.0,mg/dL,> 40.0,Within Normal Limits,N,"Dr. Robert Harrison, MD (Internal Medicine)"
LAB-10129,PT-1019,2025-12-08,33914-3,Glomerular Filtration Rate (eGFR),77.0,mL/min/1.73m2,> 60.0,Within Normal Limits,N,"Dr. Robert Harrison, MD (Internal Medicine)"
LAB-10130,PT-1019,2026-07-20,2093-3,"Cholesterol, Total",167.5,mg/dL,< 200.0,Within Normal Limits,N,"Dr. Robert Harrison, MD (Internal Medicine)"
LAB-10131,PT-1020,2026-06-30,4548-4,Hemoglobin A1c (HbA1c),6.9,%,< 5.7,Diabetic Range,H,"Dr. Maria Gonzalez, MD (Nephrology)"
LAB-10132,PT-1020,2026-04-20,2093-3,"Cholesterol, Total",234.6,mg/dL,< 200.0,Borderline High,H,"Dr. Maria Gonzalez, MD (Nephrology)"
LAB-10133,PT-1020,2026-02-16,2085-9,HDL Cholesterol,57.6,mg/dL,> 40.0,Within Normal Limits,N,"Dr. Maria Gonzalez, MD (Nephrology)"
LAB-10134,PT-1020,2026-01-18,718-7,"Hemoglobin, Blood",14.2,g/dL,12.0 - 16.0,Within Normal Limits,N,"Dr. Maria Gonzalez, MD (Nephrology)"
LAB-10135,PT-1020,2026-07-04,2160-0,"Creatinine, Serum",1.0,mg/dL,0.50 - 1.10,Within Normal Limits,N,"Dr. Maria Gonzalez, MD (Nephrology)"
LAB-10136,PT-1020,2025-11-14,2093-3,"Cholesterol, Total",175.2,mg/dL,< 200.0,Within Normal Limits,N,"Dr. Maria Gonzalez, MD (Nephrology)"
LAB-10137,PT-1020,2026-07-09,2085-9,HDL Cholesterol,58.7,mg/dL,> 40.0,Within Normal Limits,N,"Dr. Maria Gonzalez, MD (Nephrology)"
LAB-10138,PT-1021,2026-02-16,33914-3,Glomerular Filtration Rate (eGFR),85.9,mL/min/1.73m2,> 60.0,Within Normal Limits,N,"Dr. Robert Harrison, MD (Internal Medicine)"
LAB-10139,PT-1021,2025-12-31,33914-3,Glomerular Filtration Rate (eGFR),92.4,mL/min/1.73m2,> 60.0,Within Normal Limits,N,"Dr. Robert Harrison, MD (Internal Medicine)"
LAB-10140,PT-1021,2026-04-25,33914-3,Glomerular Filtration Rate (eGFR),87.8,mL/min/1.73m2,> 60.0,Within Normal Limits,N,"Dr. Robert Harrison, MD (Internal Medicine)"
LAB-10141,PT-1021,2025-11-20,13457-7,LDL Cholesterol,103.9,mg/dL,< 100.0,Within Normal Limits,N,"Dr. Robert Harrison, MD (Internal Medicine)"
LAB-10142,PT-1022,2026-07-02,13457-7,LDL Cholesterol,119.2,mg/dL,< 100.0,Within Normal Limits,N,"Dr. Maria Gonzalez, MD (Nephrology)"
LAB-10143,PT-1022,2026-03-24,2093-3,"Cholesterol, Total",203.1,mg/dL,< 200.0,Borderline High,H,"Dr. Maria Gonzalez, MD (Nephrology)"
LAB-10144,PT-1022,2025-12-12,33914-3,Glomerular Filtration Rate (eGFR),77.1,mL/min/1.73m2,> 60.0,Within Normal Limits,N,"Dr. Maria Gonzalez, MD (Nephrology)"
LAB-10145,PT-1022,2026-04-05,2093-3,"Cholesterol, Total",196.4,mg/dL,< 200.0,Within Normal Limits,N,"Dr. Maria Gonzalez, MD (Nephrology)"
LAB-10146,PT-1022,2026-05-17,718-7,"Hemoglobin, Blood",12.8,g/dL,12.0 - 16.0,Within Normal Limits,N,"Dr. Maria Gonzalez, MD (Nephrology)"
LAB-10147,PT-1022,2026-02-18,2085-9,HDL Cholesterol,49.6,mg/dL,> 40.0,Within Normal Limits,N,"Dr. Maria Gonzalez, MD (Nephrology)"
LAB-10148,PT-1022,2026-01-17,4548-4,Hemoglobin A1c (HbA1c),6.0,%,< 5.7,Within Normal Limits,N,"Dr. Maria Gonzalez, MD (Nephrology)"
LAB-10149,PT-1022,2026-03-05,13457-7,LDL Cholesterol,153.1,mg/dL,< 100.0,Within Normal Limits,N,"Dr. Maria Gonzalez, MD (Nephrology)"
LAB-10150,PT-1023,2025-10-18,13457-7,LDL Cholesterol,143.4,mg/dL,< 100.0,Within Normal Limits,N,"Dr. Maria Gonzalez, MD (Nephrology)"
LAB-10151,PT-1023,2026-08-29,2160-0,"Creatinine, Serum",1.0,mg/dL,0.50 - 1.10,Within Normal Limits,N,"Dr. Maria Gonzalez, MD (Nephrology)"
LAB-10152,PT-1023,2025-11-18,2160-0,"Creatinine, Serum",1.1,mg/dL,0.50 - 1.10,Within Normal Limits,N,"Dr. Maria Gonzalez, MD (Nephrology)"
LAB-10153,PT-1023,2026-02-03,33914-3,Glomerular Filtration Rate (eGFR),89.8,mL/min/1.73m2,> 60.0,Within Normal Limits,N,"Dr. Maria Gonzalez, MD (Nephrology)"
LAB-10154,PT-1023,2026-01-26,4548-4,Hemoglobin A1c (HbA1c),6.6,%,< 5.7,Diabetic Range,H,"Dr. Maria Gonzalez, MD (Nephrology)"
LAB-10155,PT-1023,2026-02-19,4548-4,Hemoglobin A1c (HbA1c),7.1,%,< 5.7,Diabetic Range,H,"Dr. Maria Gonzalez, MD (Nephrology)"
LAB-10156,PT-1023,2026-06-29,718-7,"Hemoglobin, Blood",14.9,g/dL,12.0 - 16.0,Within Normal Limits,N,"Dr. Maria Gonzalez, MD (Nephrology)"
LAB-10157,PT-1024,2026-05-04,2093-3,"Cholesterol, Total",222.5,mg/dL,< 200.0,Borderline High,H,"Dr. Anita Sharma, MD (Family Medicine)"
LAB-10158,PT-1024,2026-02-25,33914-3,Glomerular Filtration Rate (eGFR),79.9,mL/min/1.73m2,> 60.0,Within Normal Limits,N,"Dr. Anita Sharma, MD (Family Medicine)"
LAB-10159,PT-1024,2026-04-01,13457-7,LDL Cholesterol,86.4,mg/dL,< 100.0,Within Normal Limits,N,"Dr. Anita Sharma, MD (Family Medicine)"
LAB-10160,PT-1024,2025-12-17,718-7,"Hemoglobin, Blood",15.0,g/dL,12.0 - 16.0,Within Normal Limits,N,"Dr. Anita Sharma, MD (Family Medicine)"
LAB-10161,PT-1025,2026-01-10,33914-3,Glomerular Filtration Rate (eGFR),80.1,mL/min/1.73m2,> 60.0,Within Normal Limits,N,"Dr. David Kim, MD (Cardiology)"
LAB-10162,PT-1025,2025-11-04,718-7,"Hemoglobin, Blood",14.4,g/dL,12.0 - 16.0,Within Normal Limits,N,"Dr. David Kim, MD (Cardiology)"
LAB-10163,PT-1025,2025-10-01,4548-4,Hemoglobin A1c (HbA1c),5.8,%,< 5.7,Within Normal Limits,N,"Dr. David Kim, MD (Cardiology)"
LAB-10164,PT-1025,2026-08-01,33914-3,Glomerular Filtration Rate (eGFR),94.9,mL/min/1.73m2,> 60.0,Within Normal Limits,N,"Dr. David Kim, MD (Cardiology)"
LAB-10165,PT-1025,2025-10-27,2093-3,"Cholesterol, Total",238.3,mg/dL,< 200.0,Borderline High,H,"Dr. David Kim, MD (Cardiology)"
LAB-10166,PT-1025,2026-02-01,13457-7,LDL Cholesterol,149.8,mg/dL,< 100.0,Within Normal Limits,N,"Dr. David Kim, MD (Cardiology)"
LAB-10167,PT-1025,2026-09-02,2160-0,"Creatinine, Serum",1.2,mg/dL,0.50 - 1.10,Within Normal Limits,N,"Dr. David Kim, MD (Cardiology)"
LAB-10168,PT-1026,2026-04-19,33914-3,Glomerular Filtration Rate (eGFR),86.8,mL/min/1.73m2,> 60.0,Within Normal Limits,N,"Dr. Maria Gonzalez, MD (Nephrology)"
LAB-10169,PT-1026,2026-07-04,33914-3,Glomerular Filtration Rate (eGFR),70.0,mL/min/1.73m2,> 60.0,Within Normal Limits,N,"Dr. Maria Gonzalez, MD (Nephrology)"
LAB-10170,PT-1026,2025-12-01,2160-0,"Creatinine, Serum",1.1,mg/dL,0.50 - 1.10,Within Normal Limits,N,"Dr. Maria Gonzalez, MD (Nephrology)"
LAB-10171,PT-1026,2026-06-21,13457-7,LDL Cholesterol,143.4,mg/dL,< 100.0,Within Normal Limits,N,"Dr. Maria Gonzalez, MD (Nephrology)"
LAB-10172,PT-1027,2026-03-05,4548-4,Hemoglobin A1c (HbA1c),6.8,%,< 5.7,Diabetic Range,H,"Dr. David Kim, MD (Cardiology)"
LAB-10173,PT-1027,2026-01-05,2085-9,HDL Cholesterol,57.1,mg/dL,> 40.0,Within Normal Limits,N,"Dr. David Kim, MD (Cardiology)"
LAB-10174,PT-1027,2026-01-23,2085-9,HDL Cholesterol,43.6,mg/dL,> 40.0,Within Normal Limits,N,"Dr. David Kim, MD (Cardiology)"
LAB-10175,PT-1027,2026-05-09,13457-7,LDL Cholesterol,100.3,mg/dL,< 100.0,Within Normal Limits,N,"Dr. David Kim, MD (Cardiology)"
LAB-10176,PT-1027,2026-01-21,13457-7,LDL Cholesterol,80.8,mg/dL,< 100.0,Within Normal Limits,N,"Dr. David Kim, MD (Cardiology)"
LAB-10177,PT-1028,2026-08-10,13457-7,LDL Cholesterol,123.7,mg/dL,< 100.0,Within Normal Limits,N,"Dr. Robert Harrison, MD (Internal Medicine)"
LAB-10178,PT-1028,2025-11-20,2093-3,"Cholesterol, Total",235.6,mg/dL,< 200.0,Borderline High,H,"Dr. Robert Harrison, MD (Internal Medicine)"
LAB-10179,PT-1028,2026-02-11,33914-3,Glomerular Filtration Rate (eGFR),80.6,mL/min/1.73m2,> 60.0,Within Normal Limits,N,"Dr. Robert Harrison, MD (Internal Medicine)"
LAB-10180,PT-1028,2026-04-15,13457-7,LDL Cholesterol,100.0,mg/dL,< 100.0,Within Normal Limits,N,"Dr. Robert Harrison, MD (Internal Medicine)"
LAB-10181,PT-1028,2026-01-12,2160-0,"Creatinine, Serum",1.4,mg/dL,0.50 - 1.10,Within Normal Limits,N,"Dr. Robert Harrison, MD (Internal Medicine)"
LAB-10182,PT-1028,2025-11-28,4548-4,Hemoglobin A1c (HbA1c),5.8,%,< 5.7,Within Normal Limits,N,"Dr. Robert Harrison, MD (Internal Medicine)"
LAB-10183,PT-1029,2026-04-18,2085-9,HDL Cholesterol,47.4,mg/dL,> 40.0,Within Normal Limits,N,"Dr. David Kim, MD (Cardiology)"
LAB-10184,PT-1029,2025-10-14,4548-4,Hemoglobin A1c (HbA1c),7.7,%,< 5.7,Diabetic Range,H,"Dr. David Kim, MD (Cardiology)"
LAB-10185,PT-1029,2025-12-01,2093-3,"Cholesterol, Total",182.0,mg/dL,< 200.0,Within Normal Limits,N,"Dr. David Kim, MD (Cardiology)"
LAB-10186,PT-1029,2026-08-22,718-7,"Hemoglobin, Blood",15.1,g/dL,12.0 - 16.0,Within Normal Limits,N,"Dr. David Kim, MD (Cardiology)"
LAB-10187,PT-1029,2026-04-23,2085-9,HDL Cholesterol,58.6,mg/dL,> 40.0,Within Normal Limits,N,"Dr. David Kim, MD (Cardiology)"
LAB-10188,PT-1029,2025-11-10,718-7,"Hemoglobin, Blood",15.6,g/dL,12.0 - 16.0,Within Normal Limits,N,"Dr. David Kim, MD (Cardiology)"
LAB-10189,PT-1030,2025-11-03,2160-0,"Creatinine, Serum",1.1,mg/dL,0.50 - 1.10,Within Normal Limits,N,"Dr. David Kim, MD (Cardiology)"
LAB-10190,PT-1030,2025-10-14,33914-3,Glomerular Filtration Rate (eGFR),82.1,mL/min/1.73m2,> 60.0,Within Normal Limits,N,"Dr. David Kim, MD (Cardiology)"
LAB-10191,PT-1030,2025-10-30,13457-7,LDL Cholesterol,147.1,mg/dL,< 100.0,Within Normal Limits,N,"Dr. David Kim, MD (Cardiology)"
LAB-10192,PT-1030,2025-10-21,4548-4,Hemoglobin A1c (HbA1c),7.5,%,< 5.7,Diabetic Range,H,"Dr. David Kim, MD (Cardiology)"
LAB-10193,PT-1030,2026-02-03,4548-4,Hemoglobin A1c (HbA1c),6.0,%,< 5.7,Within Normal Limits,N,"Dr. David Kim, MD (Cardiology)"
LAB-10194,PT-1030,2026-07-11,4548-4,Hemoglobin A1c (HbA1c),6.7,%,< 5.7,Diabetic Range,H,"Dr. David Kim, MD (Cardiology)"
LAB-10195,PT-1031,2026-02-16,33914-3,Glomerular Filtration Rate (eGFR),68.1,mL/min/1.73m2,> 60.0,Within Normal Limits,N,"Dr. Robert Harrison, MD (Internal Medicine)"
LAB-10196,PT-1031,2025-12-14,2160-0,"Creatinine, Serum",0.8,mg/dL,0.50 - 1.10,Within Normal Limits,N,"Dr. Robert Harrison, MD (Internal Medicine)"
LAB-10197,PT-1031,2026-04-30,33914-3,Glomerular Filtration Rate (eGFR),76.2,mL/min/1.73m2,> 60.0,Within Normal Limits,N,"Dr. Robert Harrison, MD (Internal Medicine)"
LAB-10198,PT-1031,2026-01-13,718-7,"Hemoglobin, Blood",12.7,g/dL,12.0 - 16.0,Within Normal Limits,N,"Dr. Robert Harrison, MD (Internal Medicine)"
LAB-10199,PT-1032,2026-07-20,13457-7,LDL Cholesterol,149.6,mg/dL,< 100.0,Within Normal Limits,N,"Dr. Robert Harrison, MD (Internal Medicine)"
LAB-10200,PT-1032,2026-07-06,2093-3,"Cholesterol, Total",237.0,mg/dL,< 200.0,Borderline High,H,"Dr. Robert Harrison, MD (Internal Medicine)"
LAB-10201,PT-1032,2025-10-05,718-7,"Hemoglobin, Blood",16.3,g/dL,12.0 - 16.0,Within Normal Limits,N,"Dr. Robert Harrison, MD (Internal Medicine)"
LAB-10202,PT-1032,2026-02-25,13457-7,LDL Cholesterol,134.0,mg/dL,< 100.0,Within Normal Limits,N,"Dr. Robert Harrison, MD (Internal Medicine)"
LAB-10203,PT-1032,2026-03-13,718-7,"Hemoglobin, Blood",15.6,g/dL,12.0 - 16.0,Within Normal Limits,N,"Dr. Robert Harrison, MD (Internal Medicine)"
LAB-10204,PT-1032,2026-09-09,4548-4,Hemoglobin A1c (HbA1c),7.3,%,< 5.7,Diabetic Range,H,"Dr. Robert Harrison, MD (Internal Medicine)"
LAB-10205,PT-1033,2026-03-12,2085-9,HDL Cholesterol,43.1,mg/dL,> 40.0,Within Normal Limits,N,"Dr. David Kim, MD (Cardiology)"
LAB-10206,PT-1033,2026-05-05,13457-7,LDL Cholesterol,139.9,mg/dL,< 100.0,Within Normal Limits,N,"Dr. David Kim, MD (Cardiology)"
LAB-10207,PT-1033,2025-10-25,2085-9,HDL Cholesterol,49.5,mg/dL,> 40.0,Within Normal Limits,N,"Dr. David Kim, MD (Cardiology)"
LAB-10208,PT-1033,2026-05-20,33914-3,Glomerular Filtration Rate (eGFR),59.3,mL/min/1.73m2,> 60.0,Mild Renal Reduction,L,"Dr. David Kim, MD (Cardiology)"
LAB-10209,PT-1033,2025-12-03,2093-3,"Cholesterol, Total",162.0,mg/dL,< 200.0,Within Normal Limits,N,"Dr. David Kim, MD (Cardiology)"
LAB-10210,PT-1033,2026-05-26,33914-3,Glomerular Filtration Rate (eGFR),91.6,mL/min/1.73m2,> 60.0,Within Normal Limits,N,"Dr. David Kim, MD (Cardiology)"
LAB-10211,PT-1034,2026-04-15,13457-7,LDL Cholesterol,145.9,mg/dL,< 100.0,Within Normal Limits,N,"Dr. Robert Harrison, MD (Internal Medicine)"
LAB-10212,PT-1034,2026-07-07,13457-7,LDL Cholesterol,112.7,mg/dL,< 100.0,Within Normal Limits,N,"Dr. Robert Harrison, MD (Internal Medicine)"
LAB-10213,PT-1034,2026-04-14,4548-4,Hemoglobin A1c (HbA1c),7.7,%,< 5.7,Diabetic Range,H,"Dr. Robert Harrison, MD (Internal Medicine)"
LAB-10214,PT-1034,2026-05-19,2093-3,"Cholesterol, Total",169.3,mg/dL,< 200.0,Within Normal Limits,N,"Dr. Robert Harrison, MD (Internal Medicine)"
LAB-10215,PT-1035,2026-03-11,2160-0,"Creatinine, Serum",1.0,mg/dL,0.50 - 1.10,Within Normal Limits,N,"Dr. Sarah Jenkins, MD (Endocrinology)"
LAB-10216,PT-1035,2025-12-14,13457-7,LDL Cholesterol,156.0,mg/dL,< 100.0,Within Normal Limits,N,"Dr. Sarah Jenkins, MD (Endocrinology)"
LAB-10217,PT-1035,2026-06-29,2093-3,"Cholesterol, Total",207.0,mg/dL,< 200.0,Borderline High,H,"Dr. Sarah Jenkins, MD (Endocrinology)"
LAB-10218,PT-1035,2026-01-09,2093-3,"Cholesterol, Total",212.4,mg/dL,< 200.0,Borderline High,H,"Dr. Sarah Jenkins, MD (Endocrinology)"
LAB-10219,PT-1035,2026-04-26,2085-9,HDL Cholesterol,50.2,mg/dL,> 40.0,Within Normal Limits,N,"Dr. Sarah Jenkins, MD (Endocrinology)"
LAB-10220,PT-1035,2026-05-28,4548-4,Hemoglobin A1c (HbA1c),7.0,%,< 5.7,Diabetic Range,H,"Dr. Sarah Jenkins, MD (Endocrinology)"
LAB-10221,PT-1035,2026-05-19,2093-3,"Cholesterol, Total",195.6,mg/dL,< 200.0,Within Normal Limits,N,"Dr. Sarah Jenkins, MD (Endocrinology)"
LAB-10222,PT-1035,2025-09-30,718-7,"Hemoglobin, Blood",13.6,g/dL,12.0 - 16.0,Within Normal Limits,N,"Dr. Sarah Jenkins, MD (Endocrinology)"
LAB-10223,PT-1036,2025-10-21,2085-9,HDL Cholesterol,62.5,mg/dL,> 40.0,Within Normal Limits,N,"Dr. David Kim, MD (Cardiology)"
LAB-10224,PT-1036,2026-04-28,33914-3,Glomerular Filtration Rate (eGFR),57.4,mL/min/1.73m2,> 60.0,Mild Renal Reduction,L,"Dr. David Kim, MD (Cardiology)"
LAB-10225,PT-1036,2026-01-27,2160-0,"Creatinine, Serum",1.4,mg/dL,0.50 - 1.10,Within Normal Limits,N,"Dr. David Kim, MD (Cardiology)"
LAB-10226,PT-1036,2025-10-23,4548-4,Hemoglobin A1c (HbA1c),6.9,%,< 5.7,Diabetic Range,H,"Dr. David Kim, MD (Cardiology)"
LAB-10227,PT-1036,2026-09-06,13457-7,LDL Cholesterol,127.8,mg/dL,< 100.0,Within Normal Limits,N,"Dr. David Kim, MD (Cardiology)"
LAB-10228,PT-1036,2026-05-15,4548-4,Hemoglobin A1c (HbA1c),7.2,%,< 5.7,Diabetic Range,H,"Dr. David Kim, MD (Cardiology)"
LAB-10229,PT-1037,2026-08-12,718-7,"Hemoglobin, Blood",14.5,g/dL,12.0 - 16.0,Within Normal Limits,N,"Dr. Maria Gonzalez, MD (Nephrology)"
LAB-10230,PT-1037,2026-06-02,718-7,"Hemoglobin, Blood",15.4,g/dL,12.0 - 16.0,Within Normal Limits,N,"Dr. Maria Gonzalez, MD (Nephrology)"
LAB-10231,PT-1037,2026-05-20,2085-9,HDL Cholesterol,45.4,mg/dL,> 40.0,Within Normal Limits,N,"Dr. Maria Gonzalez, MD (Nephrology)"
LAB-10232,PT-1037,2025-11-15,33914-3,Glomerular Filtration Rate (eGFR),86.0,mL/min/1.73m2,> 60.0,Within Normal Limits,N,"Dr. Maria Gonzalez, MD (Nephrology)"
LAB-10233,PT-1037,2026-07-04,4548-4,Hemoglobin A1c (HbA1c),5.9,%,< 5.7,Within Normal Limits,N,"Dr. Maria Gonzalez, MD (Nephrology)"
LAB-10234,PT-1038,2026-06-19,2085-9,HDL Cholesterol,46.3,mg/dL,> 40.0,Within Normal Limits,N,"Dr. Maria Gonzalez, MD (Nephrology)"
LAB-10235,PT-1038,2026-09-03,4548-4,Hemoglobin A1c (HbA1c),6.9,%,< 5.7,Diabetic Range,H,"Dr. Maria Gonzalez, MD (Nephrology)"
LAB-10236,PT-1038,2026-05-18,2160-0,"Creatinine, Serum",0.7,mg/dL,0.50 - 1.10,Within Normal Limits,N,"Dr. Maria Gonzalez, MD (Nephrology)"
LAB-10237,PT-1038,2026-06-19,2085-9,HDL Cholesterol,48.1,mg/dL,> 40.0,Within Normal Limits,N,"Dr. Maria Gonzalez, MD (Nephrology)"
LAB-10238,PT-1038,2026-02-13,33914-3,Glomerular Filtration Rate (eGFR),57.1,mL/min/1.73m2,> 60.0,Mild Renal Reduction,L,"Dr. Maria Gonzalez, MD (Nephrology)"
LAB-10239,PT-1039,2026-01-16,4548-4,Hemoglobin A1c (HbA1c),7.1,%,< 5.7,Diabetic Range,H,"Dr. David Kim, MD (Cardiology)"
LAB-10240,PT-1039,2025-12-28,2093-3,"Cholesterol, Total",222.2,mg/dL,< 200.0,Borderline High,H,"Dr. David Kim, MD (Cardiology)"
LAB-10241,PT-1039,2026-01-02,2085-9,HDL Cholesterol,42.7,mg/dL,> 40.0,Within Normal Limits,N,"Dr. David Kim, MD (Cardiology)"
LAB-10242,PT-1039,2026-08-25,2160-0,"Creatinine, Serum",1.4,mg/dL,0.50 - 1.10,Within Normal Limits,N,"Dr. David Kim, MD (Cardiology)"
LAB-10243,PT-1039,2025-10-14,13457-7,LDL Cholesterol,142.7,mg/dL,< 100.0,Within Normal Limits,N,"Dr. David Kim, MD (Cardiology)"
LAB-10244,PT-1039,2025-10-22,2085-9,HDL Cholesterol,47.5,mg/dL,> 40.0,Within Normal Limits,N,"Dr. David Kim, MD (Cardiology)"
LAB-10245,PT-1039,2026-01-14,4548-4,Hemoglobin A1c (HbA1c),5.4,%,< 5.7,Within Normal Limits,N,"Dr. David Kim, MD (Cardiology)"
LAB-10246,PT-1039,2025-09-30,718-7,"Hemoglobin, Blood",13.8,g/dL,12.0 - 16.0,Within Normal Limits,N,"Dr. David Kim, MD (Cardiology)"
LAB-10247,PT-1040,2026-02-01,2093-3,"Cholesterol, Total",217.0,mg/dL,< 200.0,Borderline High,H,"Dr. Sarah Jenkins, MD (Endocrinology)"
LAB-10248,PT-1040,2026-04-05,4548-4,Hemoglobin A1c (HbA1c),7.5,%,< 5.7,Diabetic Range,H,"Dr. Sarah Jenkins, MD (Endocrinology)"
LAB-10249,PT-1040,2026-07-14,2085-9,HDL Cholesterol,43.7,mg/dL,> 40.0,Within Normal Limits,N,"Dr. Sarah Jenkins, MD (Endocrinology)"
LAB-10250,PT-1040,2025-11-21,33914-3,Glomerular Filtration Rate (eGFR),80.0,mL/min/1.73m2,> 60.0,Within Normal Limits,N,"Dr. Sarah Jenkins, MD (Endocrinology)"
LAB-10251,PT-1041,2025-11-15,13457-7,LDL Cholesterol,106.0,mg/dL,< 100.0,Within Normal Limits,N,"Dr. David Kim, MD (Cardiology)"
LAB-10252,PT-1041,2026-01-01,2085-9,HDL Cholesterol,47.4,mg/dL,> 40.0,Within Normal Limits,N,"Dr. David Kim, MD (Cardiology)"
LAB-10253,PT-1041,2026-07-20,2085-9,HDL Cholesterol,50.8,mg/dL,> 40.0,Within Normal Limits,N,"Dr. David Kim, MD (Cardiology)"
LAB-10254,PT-1041,2025-12-08,718-7,"Hemoglobin, Blood",14.9,g/dL,12.0 - 16.0,Within Normal Limits,N,"Dr. David Kim, MD (Cardiology)"
LAB-10255,PT-1041,2026-02-08,13457-7,LDL Cholesterol,149.2,mg/dL,< 100.0,Within Normal Limits,N,"Dr. David Kim, MD (Cardiology)"
LAB-10256,PT-1041,2026-02-17,2093-3,"Cholesterol, Total",231.0,mg/dL,< 200.0,Borderline High,H,"Dr. David Kim, MD (Cardiology)"
LAB-10257,PT-1041,2026-02-24,33914-3,Glomerular Filtration Rate (eGFR),88.1,mL/min/1.73m2,> 60.0,Within Normal Limits,N,"Dr. David Kim, MD (Cardiology)"
LAB-10258,PT-1041,2026-04-09,2093-3,"Cholesterol, Total",218.4,mg/dL,< 200.0,Borderline High,H,"Dr. David Kim, MD (Cardiology)"
LAB-10259,PT-1042,2026-03-09,33914-3,Glomerular Filtration Rate (eGFR),81.6,mL/min/1.73m2,> 60.0,Within Normal Limits,N,"Dr. Anita Sharma, MD (Family Medicine)"
LAB-10260,PT-1042,2026-01-17,2160-0,"Creatinine, Serum",1.2,mg/dL,0.50 - 1.10,Within Normal Limits,N,"Dr. Anita Sharma, MD (Family Medicine)"
LAB-10261,PT-1042,2026-08-04,4548-4,Hemoglobin A1c (HbA1c),5.4,%,< 5.7,Within Normal Limits,N,"Dr. Anita Sharma, MD (Family Medicine)"
LAB-10262,PT-1042,2026-03-10,4548-4,Hemoglobin A1c (HbA1c),6.3,%,< 5.7,Within Normal Limits,N,"Dr. Anita Sharma, MD (Family Medicine)"
LAB-10263,PT-1042,2026-08-17,718-7,"Hemoglobin, Blood",12.6,g/dL,12.0 - 16.0,Within Normal Limits,N,"Dr. Anita Sharma, MD (Family Medicine)"
LAB-10264,PT-1042,2025-12-03,2085-9,HDL Cholesterol,63.9,mg/dL,> 40.0,Within Normal Limits,N,"Dr. Anita Sharma, MD (Family Medicine)"
LAB-10265,PT-1042,2026-02-18,33914-3,Glomerular Filtration Rate (eGFR),81.8,mL/min/1.73m2,> 60.0,Within Normal Limits,N,"Dr. Anita Sharma, MD (Family Medicine)"
LAB-10266,PT-1043,2026-02-12,718-7,"Hemoglobin, Blood",15.0,g/dL,12.0 - 16.0,Within Normal Limits,N,"Dr. Maria Gonzalez, MD (Nephrology)"
LAB-10267,PT-1043,2026-08-21,718-7,"Hemoglobin, Blood",16.1,g/dL,12.0 - 16.0,Within Normal Limits,N,"Dr. Maria Gonzalez, MD (Nephrology)"
LAB-10268,PT-1043,2026-03-20,33914-3,Glomerular Filtration Rate (eGFR),79.0,mL/min/1.73m2,> 60.0,Within Normal Limits,N,"Dr. Maria Gonzalez, MD (Nephrology)"
LAB-10269,PT-1043,2026-05-31,4548-4,Hemoglobin A1c (HbA1c),6.7,%,< 5.7,Diabetic Range,H,"Dr. Maria Gonzalez, MD (Nephrology)"
LAB-10270,PT-1043,2026-05-25,2160-0,"Creatinine, Serum",1.2,mg/dL,0.50 - 1.10,Within Normal Limits,N,"Dr. Maria Gonzalez, MD (Nephrology)"
LAB-10271,PT-1043,2025-12-06,718-7,"Hemoglobin, Blood",12.5,g/dL,12.0 - 16.0,Within Normal Limits,N,"Dr. Maria Gonzalez, MD (Nephrology)"
LAB-10272,PT-1044,2025-11-27,4548-4,Hemoglobin A1c (HbA1c),7.2,%,< 5.7,Diabetic Range,H,"Dr. Maria Gonzalez, MD (Nephrology)"
LAB-10273,PT-1044,2025-12-03,2160-0,"Creatinine, Serum",1.3,mg/dL,0.50 - 1.10,Within Normal Limits,N,"Dr. Maria Gonzalez, MD (Nephrology)"
LAB-10274,PT-1044,2025-11-06,718-7,"Hemoglobin, Blood",15.7,g/dL,12.0 - 16.0,Within Normal Limits,N,"Dr. Maria Gonzalez, MD (Nephrology)"
LAB-10275,PT-1044,2026-09-03,13457-7,LDL Cholesterol,131.4,mg/dL,< 100.0,Within Normal Limits,N,"Dr. Maria Gonzalez, MD (Nephrology)"
LAB-10276,PT-1044,2025-09-26,2085-9,HDL Cholesterol,63.2,mg/dL,> 40.0,Within Normal Limits,N,"Dr. Maria Gonzalez, MD (Nephrology)"
LAB-10277,PT-1044,2026-04-30,33914-3,Glomerular Filtration Rate (eGFR),56.2,mL/min/1.73m2,> 60.0,Mild Renal Reduction,L,"Dr. Maria Gonzalez, MD (Nephrology)"
LAB-10278,PT-1045,2026-06-16,33914-3,Glomerular Filtration Rate (eGFR),69.0,mL/min/1.73m2,> 60.0,Within Normal Limits,N,"Dr. Anita Sharma, MD (Family Medicine)"
LAB-10279,PT-1045,2025-10-15,718-7,"Hemoglobin, Blood",12.6,g/dL,12.0 - 16.0,Within Normal Limits,N,"Dr. Anita Sharma, MD (Family Medicine)"
LAB-10280,PT-1045,2025-10-27,2093-3,"Cholesterol, Total",165.6,mg/dL,< 200.0,Within Normal Limits,N,"Dr. Anita Sharma, MD (Family Medicine)"
LAB-10281,PT-1045,2025-12-19,4548-4,Hemoglobin A1c (HbA1c),5.4,%,< 5.7,Within Normal Limits,N,"Dr. Anita Sharma, MD (Family Medicine)"
LAB-10282,PT-1045,2026-01-27,2160-0,"Creatinine, Serum",1.0,mg/dL,0.50 - 1.10,Within Normal Limits,N,"Dr. Anita Sharma, MD (Family Medicine)"
LAB-10283,PT-1045,2026-04-10,33914-3,Glomerular Filtration Rate (eGFR),61.3,mL/min/1.73m2,> 60.0,Within Normal Limits,N,"Dr. Anita Sharma, MD (Family Medicine)"
LAB-10284,PT-1046,2025-11-15,718-7,"Hemoglobin, Blood",16.2,g/dL,12.0 - 16.0,Within Normal Limits,N,"Dr. Anita Sharma, MD (Family Medicine)"
LAB-10285,PT-1046,2026-06-29,4548-4,Hemoglobin A1c (HbA1c),7.5,%,< 5.7,Diabetic Range,H,"Dr. Anita Sharma, MD (Family Medicine)"
LAB-10286,PT-1046,2026-08-22,2160-0,"Creatinine, Serum",1.2,mg/dL,0.50 - 1.10,Within Normal Limits,N,"Dr. Anita Sharma, MD (Family Medicine)"
LAB-10287,PT-1046,2026-02-02,13457-7,LDL Cholesterol,86.5,mg/dL,< 100.0,Within Normal Limits,N,"Dr. Anita Sharma, MD (Family Medicine)"
LAB-10288,PT-1046,2025-11-10,13457-7,LDL Cholesterol,113.9,mg/dL,< 100.0,Within Normal Limits,N,"Dr. Anita Sharma, MD (Family Medicine)"
LAB-10289,PT-1046,2026-05-29,2093-3,"Cholesterol, Total",193.1,mg/dL,< 200.0,Within Normal Limits,N,"Dr. Anita Sharma, MD (Family Medicine)"
LAB-10290,PT-1047,2026-07-22,4548-4,Hemoglobin A1c (HbA1c),6.1,%,< 5.7,Within Normal Limits,N,"Dr. Robert Harrison, MD (Internal Medicine)"
LAB-10291,PT-1047,2025-11-17,33914-3,Glomerular Filtration Rate (eGFR),82.1,mL/min/1.73m2,> 60.0,Within Normal Limits,N,"Dr. Robert Harrison, MD (Internal Medicine)"
LAB-10292,PT-1047,2026-04-12,2093-3,"Cholesterol, Total",202.2,mg/dL,< 200.0,Borderline High,H,"Dr. Robert Harrison, MD (Internal Medicine)"
LAB-10293,PT-1047,2025-11-14,4548-4,Hemoglobin A1c (HbA1c),5.8,%,< 5.7,Within Normal Limits,N,"Dr. Robert Harrison, MD (Internal Medicine)"
LAB-10294,PT-1047,2026-04-15,4548-4,Hemoglobin A1c (HbA1c),5.2,%,< 5.7,Within Normal Limits,N,"Dr. Robert Harrison, MD (Internal Medicine)"
LAB-10295,PT-1047,2026-05-09,2160-0,"Creatinine, Serum",1.2,mg/dL,0.50 - 1.10,Within Normal Limits,N,"Dr. Robert Harrison, MD (Internal Medicine)"
LAB-10296,PT-1047,2026-09-13,33914-3,Glomerular Filtration Rate (eGFR),68.1,mL/min/1.73m2,> 60.0,Within Normal Limits,N,"Dr. Robert Harrison, MD (Internal Medicine)"
LAB-10297,PT-1047,2026-06-19,2093-3,"Cholesterol, Total",219.8,mg/dL,< 200.0,Borderline High,H,"Dr. Robert Harrison, MD (Internal Medicine)"
LAB-10298,PT-1048,2026-05-22,2093-3,"Cholesterol, Total",202.6,mg/dL,< 200.0,Borderline High,H,"Dr. Maria Gonzalez, MD (Nephrology)"
LAB-10299,PT-1048,2025-10-09,2085-9,HDL Cholesterol,54.0,mg/dL,> 40.0,Within Normal Limits,N,"Dr. Maria Gonzalez, MD (Nephrology)"
LAB-10300,PT-1048,2026-02-25,718-7,"Hemoglobin, Blood",13.6,g/dL,12.0 - 16.0,Within Normal Limits,N,"Dr. Maria Gonzalez, MD (Nephrology)"
LAB-10301,PT-1048,2026-02-05,718-7,"Hemoglobin, Blood",15.3,g/dL,12.0 - 16.0,Within Normal Limits,N,"Dr. Maria Gonzalez, MD (Nephrology)"
LAB-10302,PT-1048,2026-08-08,4548-4,Hemoglobin A1c (HbA1c),6.4,%,< 5.7,Within Normal Limits,N,"Dr. Maria Gonzalez, MD (Nephrology)"
LAB-10303,PT-1049,2026-02-21,2085-9,HDL Cholesterol,50.7,mg/dL,> 40.0,Within Normal Limits,N,"Dr. Maria Gonzalez, MD (Nephrology)"
LAB-10304,PT-1049,2026-04-21,13457-7,LDL Cholesterol,131.2,mg/dL,< 100.0,Within Normal Limits,N,"Dr. Maria Gonzalez, MD (Nephrology)"
LAB-10305,PT-1049,2026-04-03,4548-4,Hemoglobin A1c (HbA1c),6.3,%,< 5.7,Within Normal Limits,N,"Dr. Maria Gonzalez, MD (Nephrology)"
LAB-10306,PT-1049,2025-11-04,2160-0,"Creatinine, Serum",1.3,mg/dL,0.50 - 1.10,Within Normal Limits,N,"Dr. Maria Gonzalez, MD (Nephrology)"
LAB-10307,PT-1049,2026-03-15,2093-3,"Cholesterol, Total",226.6,mg/dL,< 200.0,Borderline High,H,"Dr. Maria Gonzalez, MD (Nephrology)"
LAB-10308,PT-1049,2026-07-24,4548-4,Hemoglobin A1c (HbA1c),6.3,%,< 5.7,Within Normal Limits,N,"Dr. Maria Gonzalez, MD (Nephrology)"
LAB-10309,PT-1050,2025-12-22,2093-3,"Cholesterol, Total",207.1,mg/dL,< 200.0,Borderline High,H,"Dr. Maria Gonzalez, MD (Nephrology)"
LAB-10310,PT-1050,2026-04-11,4548-4,Hemoglobin A1c (HbA1c),6.2,%,< 5.7,Within Normal Limits,N,"Dr. Maria Gonzalez, MD (Nephrology)"
LAB-10311,PT-1050,2026-03-30,13457-7,LDL Cholesterol,107.2,mg/dL,< 100.0,Within Normal Limits,N,"Dr. Maria Gonzalez, MD (Nephrology)"
LAB-10312,PT-1050,2025-12-29,718-7,"Hemoglobin, Blood",12.8,g/dL,12.0 - 16.0,Within Normal Limits,N,"Dr. Maria Gonzalez, MD (Nephrology)"
LAB-10313,PT-1050,2025-12-29,13457-7,LDL Cholesterol,89.1,mg/dL,< 100.0,Within Normal Limits,N,"Dr. Maria Gonzalez, MD (Nephrology)"
