HCP_ID,TERRITORY_ID,ACCOUNT_OPPORTUNITY_INDEX,TARGET_DECILE,CALL_FREQUENCY_ANNUAL,TRAVEL_IMPEDANCE_SCORE,CONVERSION_VELOCITY_DAYS
HCP-001,US-PA-PHILLY-01,96.4,10,24,1.2,21
HCP-002,US-PA-PHILLY-01,91.8,9,20,1.4,28
HCP-003,US-PA-PHILLY-02,84.5,8,16,2.1,42
HCP-004,US-PA-PHILLY-01,94.2,10,24,1.1,18
HCP-005,US-PA-PHILLY-01,88.0,9,18,1.8,32
HCP-006,US-PA-PHILLY-01,89.5,9,18,1.5,26
HCP-007,US-NE-T12,82.0,8,14,3.2,45
HCP-008,US-NE-T12,76.5,7,12,3.8,52
HCP-009,US-PA-PHILLY-02,71.0,6,10,2.4,60
HCP-010,US-PA-PHILLY-01,93.1,9,20,1.3,24
