HCP_ID,NPI,FIRST_NAME,LAST_NAME,PRIMARY_SPECIALTY,TAXONOMY_CODE,PRACTICE_ADDRESS,CITY,STATE,ZIP5,DEA_NUMBER,AMA_ID,IDN_AFFILIATION_ID,PRESCRIBER_DECILE,PEER_RANKING
HCP-001,1982736450,Sarah,Jenkins,Dermatology,207N00000X,3400 Civic Center Blvd,Philadelphia,PA,19104,BJ1982736,01827491,HCO-001,10,Top 1% Regional KOL
HCP-002,1205948372,Robert,Chen,Dermatology,207N00000X,"833 Chestnut St, Ste 740",Philadelphia,PA,19107,BC1205948,02938471,HCO-002,9,Top 5% High Prescriber
HCP-003,1493028174,Anthony,Russo,Nephrology,207RN0300X,3401 N Broad St,Philadelphia,PA,19140,BR1493028,03847192,HCO-003,8,Renal Care Guideline Leader
HCP-004,1789420193,Emily,Watson,Endocrinology,207RE0101X,"3701 Market St, Ste 400",Philadelphia,PA,19104,BW1789420,04829104,HCO-001,10,ADA Regional Committee Chair
HCP-005,1639201948,Michael,Patel,Cardiology,207RC0000X,100 E Lancaster Ave,Wynnewood,PA,19096,BP1639201,05918273,HCO-006,9,Top 5% Interventional Cardiology
HCP-006,1582910394,Lisa,Nguyen,Rheumatology,207RR0500X,925 Chestnut St,Philadelphia,PA,19107,BN1582910,06918274,HCO-002,9,Top 5% Biologics Prescriber
HCP-007,1394019284,David,Goldman,Dermatology,207N00000X,200 Lothrop St,Pittsburgh,PA,15213,BG1394019,07819203,HCO-004,8,Key Account Specialist
HCP-008,1849201837,Rachel,Kaufman,Dermatology,207N00000X,100 N Academy Ave,Danville,PA,17822,BK1849201,08918293,HCO-005,7,Rural Payer-Provider Lead
HCP-009,1192837465,Brian,O'Connor,Primary Care / Internal Medicine,207Q00000X,230 N Broad St,Philadelphia,PA,19102,BO1192837,09817264,HCO-003,6,Community Practice Lead
HCP-010,1928374650,Karen,Washington,Dermatology,207N00000X,51 N 39th St,Philadelphia,PA,19104,BW1928374,10928374,HCO-001,9,Psoriasis Phototherapy Director
