PATIENT_ID,FIRST_NAME,LAST_NAME,GENDER,BIRTH_DATE,AGE,CITY,STATE,ZIP_CODE,BLOOD_GROUP,PRIMARY_PHYSICIAN,CHRONIC_CONDITIONS,ACTIVE_MEDICATIONS,RISK_DECIL_SCORE,RISK_STRATIFICATION,INSURANCE_PLAN
PT-1001,Eleanor,Vance,Female,1958-04-12,68,Boston,MA,02115,O+,"Dr. Robert Harrison, MD (Internal Medicine)",Type 2 Diabetes Mellitus; Hypertension; Chronic Kidney Disease (Stage 3b/4),Metformin 1000mg BID; Lisinopril 20mg Daily; Atorvastatin 40mg Daily,88,High Risk,Medicare Advantage Gold PPO
PT-1002,Marcus,Brody,Male,1972-09-24,54,Worcester,MA,01608,A+,"Dr. Sarah Jenkins, MD (Endocrinology)",Type 2 Diabetes Mellitus; Hyperlipidemia; Mild Obesity,Glipizide 10mg Daily; Atorvastatin 20mg Daily; Metformin 500mg Daily,62,Moderate Risk,Blue Cross Blue Shield Commercial Comprehensive
PT-1003,Arthur,Pendelton,Male,1952-11-03,74,Cambridge,MA,02138,B-,"Dr. David Kim, MD (Cardiology)",Non-valvular Atrial Fibrillation; Congestive Heart Failure; Severe Osteoarthritis; Gastroesophageal Reflux,Apixaban 5mg BID; Ibuprofen 800mg TID; Furosemide 40mg Daily; Carvedilol 12.5mg BID; Omeprazole 20mg Daily; Atorvastatin 80mg Daily; Amlodipine 5mg Daily; Gabapentin 300mg TID; Acetaminophen 500mg PRN,94,Catastrophic / Top Decile Risk,Medicare Advantage Premier Dual-Eligible
PT-1004,Eleanor,Sinclair,Female,1962-04-05,64,Waltham,MA,02126,A-,"Dr. Anita Sharma, MD (Family Medicine)",Essential Hypertension; Hyperlipidemia,Omeprazole 40mg Daily; Losartan 50mg Daily,46,Moderate Risk,Standard PPO
PT-1005,Eleanor,Brody,Female,1958-09-20,68,Boston,MA,02243,A+,"Dr. Anita Sharma, MD (Family Medicine)",Major Depressive Disorder (In Remission); Hypertension,Levothyroxine 75mcg Daily; Multivitamin,44,Moderate Risk,Standard PPO
PT-1006,Marcus,Pendelton,Male,1989-06-09,37,Cambridge,MA,02155,B+,"Dr. Robert Harrison, MD (Internal Medicine)",Essential Hypertension; Hyperlipidemia,Sertraline 50mg Daily; Hydrochlorothiazide 25mg Daily,69,Moderate Risk,Medicare Advantage PPO
PT-1007,Lucas,Kowalski,Male,1961-12-15,65,Quincy,MA,02131,AB+,"Dr. Robert Harrison, MD (Internal Medicine)",GERD; Benign Prostatic Hyperplasia,Albuterol Inhaler PRN; Fluticasone Propionate Daily,20,Low Risk,MassHealth Medicaid
PT-1008,Margaret,Vance,Female,1987-05-03,39,Cambridge,MA,02125,AB+,"Dr. David Kim, MD (Cardiology)",Major Depressive Disorder (In Remission); Hypertension,Metoprolol Succinate 50mg Daily; Rosuvastatin 10mg Daily,44,Moderate Risk,MassHealth Medicaid
PT-1009,Olivia,Holloway,Female,1958-12-22,68,Waltham,MA,02118,O-,"Dr. Sarah Jenkins, MD (Endocrinology)",GERD; Benign Prostatic Hyperplasia,Metoprolol Succinate 50mg Daily; Rosuvastatin 10mg Daily,49,Moderate Risk,Commercial HMO
PT-1010,Abigail,Chen,Female,1962-11-11,64,Boston,MA,02158,O+,"Dr. David Kim, MD (Cardiology)",Major Depressive Disorder (In Remission); Hypertension,Albuterol Inhaler PRN; Fluticasone Propionate Daily,43,Moderate Risk,Medicare Advantage PPO
PT-1011,Hannah,Sinclair,Female,1965-11-16,61,Newton,MA,02264,AB+,"Dr. Sarah Jenkins, MD (Endocrinology)",Mild Persistent Asthma; Seasonal Allergic Rhinitis,Levothyroxine 75mcg Daily; Multivitamin,42,Moderate Risk,Commercial HMO
PT-1012,Daniel,Chen,Male,1982-06-08,44,Cambridge,MA,02230,AB+,"Dr. Robert Harrison, MD (Internal Medicine)",Essential Hypertension; Hyperlipidemia,Lisinopril 10mg Daily; Amlodipine 5mg Daily,66,Moderate Risk,Commercial HMO
PT-1013,Emily,Kowalski,Female,1949-07-20,77,Newton,MA,02235,B+,"Dr. Anita Sharma, MD (Family Medicine)",Essential Hypertension; Hyperlipidemia,Metoprolol Succinate 50mg Daily; Rosuvastatin 10mg Daily,64,Moderate Risk,Medicare Advantage PPO
PT-1014,Lucas,Brody,Male,1963-03-15,63,Boston,MA,02284,A-,"Dr. David Kim, MD (Cardiology)",GERD; Benign Prostatic Hyperplasia,Levothyroxine 75mcg Daily; Multivitamin,70,Moderate Risk,Medicare Advantage PPO
PT-1015,Alexander,Kowalski,Male,1957-06-25,69,Cambridge,MA,02238,O-,"Dr. Robert Harrison, MD (Internal Medicine)",GERD; Benign Prostatic Hyperplasia,Albuterol Inhaler PRN; Fluticasone Propionate Daily,34,Low Risk,Standard PPO
PT-1016,Margaret,Holloway,Female,1964-01-08,62,Quincy,MA,02120,O+,"Dr. Maria Gonzalez, MD (Nephrology)",Essential Hypertension; Hyperlipidemia,Omeprazole 40mg Daily; Losartan 50mg Daily,45,Moderate Risk,Commercial HMO
PT-1017,Abigail,Rodriguez,Female,1955-09-28,71,Quincy,MA,02208,A+,"Dr. Anita Sharma, MD (Family Medicine)",Coronary Artery Disease; Chronic Stable Angina,Metoprolol Succinate 50mg Daily; Rosuvastatin 10mg Daily,48,Moderate Risk,Commercial HMO
PT-1018,Henry,O'Connor,Male,1986-08-17,40,Newton,MA,02130,A+,"Dr. Sarah Jenkins, MD (Endocrinology)",Essential Hypertension; Hyperlipidemia,Albuterol Inhaler PRN; Fluticasone Propionate Daily,62,Moderate Risk,Medicare Advantage PPO
PT-1019,Hannah,Miller,Female,1945-12-21,81,Boston,MA,02158,O+,"Dr. Robert Harrison, MD (Internal Medicine)",Mild Persistent Asthma; Seasonal Allergic Rhinitis,Lisinopril 10mg Daily; Amlodipine 5mg Daily,24,Low Risk,Commercial HMO
PT-1020,Theodore,Miller,Male,1979-12-19,47,Quincy,MA,02221,A+,"Dr. Maria Gonzalez, MD (Nephrology)",Major Depressive Disorder (In Remission); Hypertension,Levothyroxine 75mcg Daily; Multivitamin,31,Low Risk,Medicare Advantage PPO
PT-1021,Emily,Holloway,Female,1972-08-28,54,Waltham,MA,02113,A-,"Dr. Robert Harrison, MD (Internal Medicine)",Essential Hypertension; Hyperlipidemia,Sertraline 50mg Daily; Hydrochlorothiazide 25mg Daily,67,Moderate Risk,MassHealth Medicaid
PT-1022,Amelia,Miller,Female,1957-08-05,69,Newton,MA,02146,B+,"Dr. Maria Gonzalez, MD (Nephrology)",Hypothyroidism; Osteopenia,Lisinopril 10mg Daily; Amlodipine 5mg Daily,83,High Risk,Standard PPO
PT-1023,Eleanor,O'Connor,Female,1979-02-25,47,Cambridge,MA,02142,AB+,"Dr. Maria Gonzalez, MD (Nephrology)",Major Depressive Disorder (In Remission); Hypertension,Levothyroxine 75mcg Daily; Multivitamin,16,Low Risk,Standard PPO
PT-1024,Sophia,Chen,Female,1945-05-26,81,Newton,MA,02173,AB+,"Dr. Anita Sharma, MD (Family Medicine)",Coronary Artery Disease; Chronic Stable Angina,Metoprolol Succinate 50mg Daily; Rosuvastatin 10mg Daily,64,Moderate Risk,Standard PPO
PT-1025,Amelia,Sterling,Female,1958-10-24,68,Quincy,MA,02115,A-,"Dr. David Kim, MD (Cardiology)",Essential Hypertension; Hyperlipidemia,Lisinopril 10mg Daily; Amlodipine 5mg Daily,22,Low Risk,Standard PPO
PT-1026,Eleanor,Rodriguez,Female,1950-02-20,76,Boston,MA,02272,A+,"Dr. Maria Gonzalez, MD (Nephrology)",Essential Hypertension; Hyperlipidemia,Omeprazole 40mg Daily; Losartan 50mg Daily,38,Low Risk,Commercial HMO
PT-1027,Hannah,Brody,Female,1971-06-09,55,Cambridge,MA,02271,A-,"Dr. David Kim, MD (Cardiology)",Hypothyroidism; Osteopenia,Albuterol Inhaler PRN; Fluticasone Propionate Daily,81,High Risk,Standard PPO
PT-1028,Charlotte,Patel,Female,1965-01-15,61,Quincy,MA,02244,O+,"Dr. Robert Harrison, MD (Internal Medicine)",GERD; Benign Prostatic Hyperplasia,Levothyroxine 75mcg Daily; Multivitamin,24,Low Risk,MassHealth Medicaid
PT-1029,Olivia,Brody,Female,1960-05-06,66,Newton,MA,02239,A-,"Dr. David Kim, MD (Cardiology)",GERD; Benign Prostatic Hyperplasia,Metoprolol Succinate 50mg Daily; Rosuvastatin 10mg Daily,62,Moderate Risk,Medicare Advantage PPO
PT-1030,Arthur,Pendelton,Male,1961-02-24,65,Quincy,MA,02139,B+,"Dr. David Kim, MD (Cardiology)",GERD; Benign Prostatic Hyperplasia,Levothyroxine 75mcg Daily; Multivitamin,29,Low Risk,MassHealth Medicaid
PT-1031,Charlotte,Rodriguez,Female,1976-01-03,50,Waltham,MA,02208,B+,"Dr. Robert Harrison, MD (Internal Medicine)",Essential Hypertension; Hyperlipidemia,Albuterol Inhaler PRN; Fluticasone Propionate Daily,47,Moderate Risk,Commercial HMO
PT-1032,James,Sinclair,Male,1973-12-14,53,Quincy,MA,02102,O+,"Dr. Robert Harrison, MD (Internal Medicine)",Coronary Artery Disease; Chronic Stable Angina,Levothyroxine 75mcg Daily; Multivitamin,85,High Risk,Medicare Advantage PPO
PT-1033,Daniel,Rodriguez,Male,1954-03-02,72,Somerville,MA,02193,O+,"Dr. David Kim, MD (Cardiology)",Hypothyroidism; Osteopenia,Metoprolol Succinate 50mg Daily; Rosuvastatin 10mg Daily,70,Moderate Risk,Commercial HMO
PT-1034,Olivia,Rodriguez,Female,1971-04-28,55,Cambridge,MA,02145,AB+,"Dr. Robert Harrison, MD (Internal Medicine)",Hypothyroidism; Osteopenia,Metoprolol Succinate 50mg Daily; Rosuvastatin 10mg Daily,34,Low Risk,MassHealth Medicaid
PT-1035,Benjamin,Sterling,Male,1955-07-28,71,Boston,MA,02220,A+,"Dr. Sarah Jenkins, MD (Endocrinology)",Major Depressive Disorder (In Remission); Hypertension,Albuterol Inhaler PRN; Fluticasone Propionate Daily,28,Low Risk,MassHealth Medicaid
PT-1036,Amelia,Vance,Female,1987-07-11,39,Somerville,MA,02117,B+,"Dr. David Kim, MD (Cardiology)",Coronary Artery Disease; Chronic Stable Angina,Omeprazole 40mg Daily; Losartan 50mg Daily,39,Low Risk,Standard PPO
PT-1037,Marcus,Brody,Male,1961-10-09,65,Boston,MA,02127,O-,"Dr. Maria Gonzalez, MD (Nephrology)",Mild Persistent Asthma; Seasonal Allergic Rhinitis,Metoprolol Succinate 50mg Daily; Rosuvastatin 10mg Daily,37,Low Risk,MassHealth Medicaid
PT-1038,Daniel,Rodriguez,Male,1952-10-07,74,Somerville,MA,02111,A-,"Dr. Maria Gonzalez, MD (Nephrology)",Essential Hypertension; Hyperlipidemia,Omeprazole 40mg Daily; Losartan 50mg Daily,64,Moderate Risk,Commercial HMO
PT-1039,Henry,Brody,Male,1987-10-11,39,Waltham,MA,02131,A-,"Dr. David Kim, MD (Cardiology)",GERD; Benign Prostatic Hyperplasia,Albuterol Inhaler PRN; Fluticasone Propionate Daily,57,Moderate Risk,Standard PPO
PT-1040,Henry,Sinclair,Male,1963-03-07,63,Newton,MA,02270,AB+,"Dr. Sarah Jenkins, MD (Endocrinology)",GERD; Benign Prostatic Hyperplasia,Omeprazole 40mg Daily; Losartan 50mg Daily,85,High Risk,MassHealth Medicaid
PT-1041,Alexander,Vance,Male,1964-04-14,62,Quincy,MA,02255,A-,"Dr. David Kim, MD (Cardiology)",Major Depressive Disorder (In Remission); Hypertension,Sertraline 50mg Daily; Hydrochlorothiazide 25mg Daily,51,Moderate Risk,Standard PPO
PT-1042,Evelyn,Patel,Female,1995-11-03,31,Somerville,MA,02231,A-,"Dr. Anita Sharma, MD (Family Medicine)",Mild Persistent Asthma; Seasonal Allergic Rhinitis,Lisinopril 10mg Daily; Amlodipine 5mg Daily,36,Low Risk,Commercial HMO
PT-1043,Benjamin,Miller,Male,1954-01-08,72,Newton,MA,02256,O+,"Dr. Maria Gonzalez, MD (Nephrology)",Major Depressive Disorder (In Remission); Hypertension,Metoprolol Succinate 50mg Daily; Rosuvastatin 10mg Daily,18,Low Risk,Commercial HMO
PT-1044,Theodore,Chen,Male,1960-11-23,66,Boston,MA,02292,O+,"Dr. Maria Gonzalez, MD (Nephrology)",Hypothyroidism; Osteopenia,Levothyroxine 75mcg Daily; Multivitamin,33,Low Risk,Standard PPO
PT-1045,Evelyn,Miller,Female,1952-03-26,74,Newton,MA,02270,O-,"Dr. Anita Sharma, MD (Family Medicine)",GERD; Benign Prostatic Hyperplasia,Albuterol Inhaler PRN; Fluticasone Propionate Daily,73,Moderate Risk,Standard PPO
PT-1046,Alexander,Patel,Male,1955-08-09,71,Cambridge,MA,02263,B+,"Dr. Anita Sharma, MD (Family Medicine)",Major Depressive Disorder (In Remission); Hypertension,Metoprolol Succinate 50mg Daily; Rosuvastatin 10mg Daily,75,High Risk,Commercial HMO
PT-1047,Theodore,Brody,Male,1990-04-09,36,Somerville,MA,02181,O-,"Dr. Robert Harrison, MD (Internal Medicine)",Hypothyroidism; Osteopenia,Levothyroxine 75mcg Daily; Multivitamin,51,Moderate Risk,Commercial HMO
PT-1048,James,Sinclair,Male,1958-07-14,68,Somerville,MA,02238,AB+,"Dr. Maria Gonzalez, MD (Nephrology)",Essential Hypertension; Hyperlipidemia,Levothyroxine 75mcg Daily; Multivitamin,23,Low Risk,Standard PPO
PT-1049,Daniel,Sinclair,Male,1946-08-01,80,Somerville,MA,02176,AB+,"Dr. Maria Gonzalez, MD (Nephrology)",GERD; Benign Prostatic Hyperplasia,Metoprolol Succinate 50mg Daily; Rosuvastatin 10mg Daily,63,Moderate Risk,Commercial HMO
PT-1050,Benjamin,Sterling,Male,1972-01-13,54,Somerville,MA,02271,A-,"Dr. Maria Gonzalez, MD (Nephrology)",Coronary Artery Disease; Chronic Stable Angina,Levothyroxine 75mcg Daily; Multivitamin,77,High Risk,Standard PPO
