CHUNK_ID,FILE_NAME,DOC_TITLE,DOC_TYPE,PATIENT_ID,SECTION_NAME,PAGE_NUMBER,CHUNK_TEXT,CHUNK_HASH
Annual_Wellness_Visit_PT1002.txt_001,Annual_Wellness_Visit_PT1002.txt,Primary Care Annual Wellness Visit - Marcus Brody,CLINICAL_NOTE,PT-1002,PRIMARY CARE ANNUAL WELLNESS VISIT,1,"PRIMARY CARE ANNUAL WELLNESS VISIT
PATIENT NAME: Brody, Marcus | MRN: PT-1002 | DOB: 1972-09-24 (54M)
DATE OF SERVICE: 2026-07-15 | PROVIDER: Dr. Sarah Jenkins, MD

HISTORY OF PRESENT ILLNESS:
Patient Marcus Brody presents for annual preventative exam. Reports feeling reasonably well. Exercises inconsistently. Admits dietary indiscretions with carbohydrates.

CHRONIC CONDITION & CARE GAP AUDIT:
1. Type 2 Diabetes Mellitus:
   - Chart audit reveals LAST verified HbA1c test was performed on 2025-05-10 (Value: 8.7%).
   - Over 14 months elapsed without repeat glycemic evaluation.
   - Patient is currently non-compliant with NCQA HEDIS NQF-0059 annual testing standard.
2. Preventative Gaps:
   - Overdue for diabetic foot monofilament exam.
   - Dilated retinal exam overdue by 6 months.

PLAN:
- Schedule immediate in-clinic fingerstick HbA1c or venous blood draw.
- Dispatch care coordinator task for diabetic education and home test kit shipment.",eefe70c7a1d7d168
Clinical_Encounter_Note_PT1001.txt_001,Clinical_Encounter_Note_PT1001.txt,Nephrology Clinical Encounter Progress Note - Eleanor Vance,CLINICAL_NOTE,PT-1001,CLINICAL ENCOUNTER PROGRESS NOTE,1,"CLINICAL ENCOUNTER PROGRESS NOTE
PATIENT NAME: Vance, Eleanor | MRN: PT-1001 | DOB: 1958-04-12 (68F)
DATE OF SERVICE: 2026-08-20 | PROVIDER: Dr. Robert Harrison, MD
CLINICAL SPECIALTY: Internal Medicine / Geriatric Care

SUBJECTIVE:
Patient presents accompanied by daughter for scheduled chronic disease follow-up. Reports generalized fatigue, progressive lethargy over the past 3 weeks, and mild morning nausea. Denies acute fever, chills, chest pressure, or shortness of breath.

CURRENT MEDICATIONS (Confirmed by Reconciliation):
1. Metformin HCl 1000 mg oral tablet - 1 tablet twice daily with meals.
2. Lisinopril 20 mg oral tablet - 1 tablet daily in the morning.
3. Atorvastatin calcium 40 mg oral tablet - 1 tablet at bedtime.

LABORATORY TELEMETRY REVIEW:
Reviewed blood work drawn on 2026-08-20:
- Serum Creatinine: 2.45 mg/dL (Baseline was 1.35 mg/dL in Feb 2025).
- Estimated GFR: 28.1 mL/min/1.73m2 (Decline from 52.4 mL/min over 18 months).
- Serum Potassium: 5.1 mEq/L (Borderline high).

ASSESSMENT & CLINICAL PLAN:
1. Acute-on-Chronic Kidney Disease (Stage 4, severe impairment).
2. Type 2 Diabetes Mellitus with worsening renal excretion.
CRITICAL SAFETY CONCERN: Given eGFR has plummeted below 30 mL/min/1.73m2, continued use of Metformin carries acute boxed warning for fatal Lactic Acidosis. Immediate medication cessation indicated. Plan to discontinue Metformin and transition to DPP-4 or renal-adjusted insulin. Alert sent to outpatient pharmacy.",71d11fb391c8c961
Discharge_Summary_PT1003.txt_001,Discharge_Summary_PT1003.txt,Cardiovascular Inpatient Discharge Summary - Arthur Pendelton,CLINICAL_NOTE,PT-1003,INPATIENT DISCHARGE SUMMARY & POLYPHARMACY RECONCILIATION,1,"INPATIENT DISCHARGE SUMMARY & POLYPHARMACY RECONCILIATION
PATIENT NAME: Pendelton, Arthur | MRN: PT-1003 | DOB: 1952-11-03 (74M)
ADMISSION DATE: 2026-08-10 | DISCHARGE DATE: 2026-08-14
FACILITY: Massachusetts General Hospital | ATTENDING: Dr. David Kim, MD (Cardiology)

DISCHARGE DIAGNOSES:
1. Non-valvular Atrial Fibrillation (CHA2DS2-VASc score = 4).
2. Congestive Heart Failure with preserved ejection fraction (HFpEF, NYHA Class III).
3. Severe bilateral knee osteoarthritis with chronic joint pain.
4. Mild normocytic anemia secondary to suspected subclinical upper GI blood loss.

HOSPITAL COURSE & PHARMACY TOXICOLOGY AUDIT:
Patient admitted following near-syncope and episode of dark, tarry stools at home. Comprehensive pharmacy reconciliation revealed patient has been concurrently consuming Apixaban (Eliquis) 5mg BID for stroke prophylaxis alongside over-the-counter and prescribed Ibuprofen 800mg TID for chronic severe knee pain.
Total active medication count is 9 distinct pharmaceuticals. Cumulative claims expenditure over the trailing 12 months stands at $64,250, placing patient in the top 1% catastrophic risk decile.

RECOMMENDATIONS AT DISCHARGE:
1. Immediate and strict cessation of all oral NSAIDs (Ibuprofen).
2. Transition analgesia to topical lidocaine patches and monitored acetaminophen.
3. Outpatient gastroenterology endoscopy referral within 14 days.
4. Care management enrollment under GCC High-Risk Care Coordination Program.",46b0729d7b2d81f9
FDA_Eliquis_Package_Insert.txt_001,FDA_Eliquis_Package_Insert.txt,FDA Prescribing Information - Eliquis (Apixaban),FDA_INSERT,,UNITED STATES FOOD AND DRUG ADMINISTRATION (FDA),1,"UNITED STATES FOOD AND DRUG ADMINISTRATION (FDA)
PRESCRIBING INFORMATION: ELIQUIS (APIXABAN) TABLETS, FOR ORAL USE
Revised: 02/2026

WARNING: (A) PREMATURE DISCONTINUATION INCREASES RISK OF THROMBOTIC EVENTS; (B) SPINAL/EPIDURAL HEMATOMA",ad8e8b90c974036f
FDA_Eliquis_Package_Insert.txt_002,FDA_Eliquis_Package_Insert.txt,FDA Prescribing Information - Eliquis (Apixaban),FDA_INSERT,,4. CONTRAINDICATIONS,1,"4. CONTRAINDICATIONS
- Active pathological bleeding.
- Severe hypersensitivity to apixaban.",6057b4a10c32c396
FDA_Eliquis_Package_Insert.txt_003,FDA_Eliquis_Package_Insert.txt,FDA Prescribing Information - Eliquis (Apixaban),FDA_INSERT,,7. DRUG INTERACTIONS,1,"7. DRUG INTERACTIONS
7.1 Concomitant Use with Anticoagulants and Antiplatelet Agents
Co-administration of antiplatelet agents, fibrinolytics, heparin, aspirin, and chronic NSAID therapy increases the risk of bleeding.
Nonsteroidal Anti-Inflammatory Drugs (NSAIDs):
Concomitant administration of ELIQUIS with NSAIDs (such as ibuprofen, naproxen, or indomethacin) elevates platelet dysfunction and gastrointestinal mucosal irritation, resulting in a statistically significant increase in major gastrointestinal hemorrhage and intracranial bleed risk.
Recommendation: Avoid concurrent administration of chronic high-dose NSAIDs with ELIQUIS unless clinically mandated and accompanied by gastroprotective agents (e.g., Proton Pump Inhibitors).",056c73ce7214eed4
FDA_Metformin_Package_Insert.txt_001,FDA_Metformin_Package_Insert.txt,FDA Prescribing Information - Metformin Hydrochloride (Glucophage),FDA_INSERT,,UNITED STATES FOOD AND DRUG ADMINISTRATION (FDA),1,"UNITED STATES FOOD AND DRUG ADMINISTRATION (FDA)
HIGHLIGHTS OF PRESCRIBING INFORMATION: GLUCOPHAGE (METFORMIN HYDROCHLORIDE) TABLETS
Initial U.S. Approval: 1995 | Revised: 01/2026

WARNING: LACTIC ACIDOSIS
Postmarketing cases of metformin-associated lactic acidosis have resulted in death, hypothermia, hypotension, and resistant bradyarrhythmias. The onset is often subtle, accompanied only by nonspecific symptoms such as malaise, myalgias, respiratory distress, somnolence, and abdominal pain.",fa4f2eb31d74d889
FDA_Metformin_Package_Insert.txt_002,FDA_Metformin_Package_Insert.txt,FDA Prescribing Information - Metformin Hydrochloride (Glucophage),FDA_INSERT,,4. CONTRAINDICATIONS,1,"4. CONTRAINDICATIONS
GLUCOPHAGE is contraindicated in patients with:
- Severe renal impairment (eGFR below 30 mL/min/1.73 m2).
- Known hypersensitivity to metformin hydrochloride.
- Acute or chronic metabolic acidosis, including diabetic ketoacidosis, with or without coma.",a9809d4da44a81ba
FDA_Metformin_Package_Insert.txt_003,FDA_Metformin_Package_Insert.txt,FDA Prescribing Information - Metformin Hydrochloride (Glucophage),FDA_INSERT,,5. WARNINGS AND PRECAUTIONS,1,"5. WARNINGS AND PRECAUTIONS
5.1 Lactic Acidosis
The risk of metformin-associated lactic acidosis increases with the degree of renal impairment because metformin is substantially excreted by the kidney. 
Before initiating GLUCOPHAGE, obtain an estimated glomerular filtration rate (eGFR).
- In patients with an eGFR below 30 mL/min/1.73 m2, initiation of GLUCOPHAGE is contraindicated.
- In patients currently taking GLUCOPHAGE whose eGFR subsequently falls below 30 mL/min/1.73 m2, discontinue GLUCOPHAGE immediately.
- In patients with an eGFR between 30 and 45 mL/min/1.73 m2, assessing the benefits and risks of continuing therapy is recommended; if prescribed, limit total daily dosage to 1000 mg and monitor renal function at least every 3 months.",b4761b1e69100106
FDA_Skyrizi_Risankizumab_SPL.txt_001,FDA_Skyrizi_Risankizumab_SPL.txt,FDA Prescribing Information - Skyrizi (risankizumab-rzaa),FDA_INSERT,,FDA Structured Product Labeling (SPL) - Skyrizi (risankizumab-rzaa),1,"# FDA Structured Product Labeling (SPL) - Skyrizi (risankizumab-rzaa)
SPL Set ID: b18274a1-094e-4f28-b80c-e2f75a643801
NDC: 0074-1050-01
RxCUI: 2059343",87c5fbe853e96435
FDA_Skyrizi_Risankizumab_SPL.txt_002,FDA_Skyrizi_Risankizumab_SPL.txt,FDA Prescribing Information - Skyrizi (risankizumab-rzaa),FDA_INSERT,,1. INDICATIONS AND USAGE,1,"## 1. INDICATIONS AND USAGE
SKYRIZI is an interleukin-23 (IL-23) antagonist indicated for the treatment of:
- Moderate-to-severe plaque psoriasis (PsO) in adults who are candidates for systemic therapy or phototherapy.
- Active psoriatic arthritis (PsA) in adults.
- Moderately to severely active Crohn's disease (CD) in adults.
- Moderately to severely active ulcerative colitis (UC) in adults.

LIMITATIONS OF USE:
Safety and effectiveness of SKYRIZI in pediatric patients have not been established. Not approved for rheumatoid arthritis or ankylosing spondylitis.",234e41a2249816de
FDA_Skyrizi_Risankizumab_SPL.txt_003,FDA_Skyrizi_Risankizumab_SPL.txt,FDA Prescribing Information - Skyrizi (risankizumab-rzaa),FDA_INSERT,,4. CONTRAINDICATIONS,1,"## 4. CONTRAINDICATIONS
SKYRIZI is contraindicated in patients with a history of serious hypersensitivity reaction to risankizumab-rzaa or to any of the excipients. Reactions have included anaphylaxis and serious rash.",b2318e8bb53a601c
FDA_Skyrizi_Risankizumab_SPL.txt_004,FDA_Skyrizi_Risankizumab_SPL.txt,FDA Prescribing Information - Skyrizi (risankizumab-rzaa),FDA_INSERT,,5. WARNINGS AND PRECAUTIONS,1,## 5. WARNINGS AND PRECAUTIONS,db6aec1b6abf850d
FDA_Skyrizi_Risankizumab_SPL.txt_005,FDA_Skyrizi_Risankizumab_SPL.txt,FDA Prescribing Information - Skyrizi (risankizumab-rzaa),FDA_INSERT,,5.1 Serious Infections,1,"### 5.1 Serious Infections
SKYRIZI may increase the risk of infection. Do not initiate SKYRIZI in patients with a clinically important active infection until the infection resolves or is adequately treated. In clinical studies of plaque psoriasis, infections occurred in 22.1% of subjects treated with SKYRIZI compared to 14.7% with placebo.
Instruct patients to seek medical advice if signs or symptoms of clinically important infection occur. If a patient develops a serious infection or is not responding to standard therapy, monitor the patient closely and withhold SKYRIZI until the infection resolves.",8b2dca672f4b9e1f
FDA_Skyrizi_Risankizumab_SPL.txt_006,FDA_Skyrizi_Risankizumab_SPL.txt,FDA Prescribing Information - Skyrizi (risankizumab-rzaa),FDA_INSERT,,5.2 Pre-treatment Evaluation for Tuberculosis,1,"### 5.2 Pre-treatment Evaluation for Tuberculosis
Evaluate patients for tuberculosis (TB) infection prior to initiating treatment with SKYRIZI. Do not administer SKYRIZI to patients with active TB. Initiate treatment of latent TB prior to administering SKYRIZI.",69a247142f245197
FDA_Skyrizi_Risankizumab_SPL.txt_007,FDA_Skyrizi_Risankizumab_SPL.txt,FDA Prescribing Information - Skyrizi (risankizumab-rzaa),FDA_INSERT,,5.3 Immunizations,1,"### 5.3 Immunizations
Prior to initiating therapy with SKYRIZI, consider completion of all age-appropriate vaccinations according to current immunization guidelines. Avoid use of live vaccines in patients being treated with SKYRIZI.",5d418ac8beedfad5
FDA_Skyrizi_Risankizumab_SPL.txt_008,FDA_Skyrizi_Risankizumab_SPL.txt,FDA Prescribing Information - Skyrizi (risankizumab-rzaa),FDA_INSERT,,6. ADVERSE REACTIONS,1,"## 6. ADVERSE REACTIONS
Most common adverse reactions (>= 1%) are upper respiratory infections (13.0%), headache (3.5%), fatigue (2.5%), injection site reactions (1.5%), and tinea infections (1.1%). Serious adverse events occurred in 2.4% of subjects on SKYRIZI.",d2e7e091a5256cc6
FDA_Skyrizi_Risankizumab_SPL.txt_009,FDA_Skyrizi_Risankizumab_SPL.txt,FDA Prescribing Information - Skyrizi (risankizumab-rzaa),FDA_INSERT,,14. CLINICAL STUDIES,1,## 14. CLINICAL STUDIES,ed29682feab7f2a0
FDA_Skyrizi_Risankizumab_SPL.txt_010,FDA_Skyrizi_Risankizumab_SPL.txt,FDA Prescribing Information - Skyrizi (risankizumab-rzaa),FDA_INSERT,,14.1 Plaque Psoriasis (UltIMMa-1 and UltIMMa-2 Trials),1,"### 14.1 Plaque Psoriasis (UltIMMa-1 and UltIMMa-2 Trials)
The efficacy and safety of SKYRIZI were evaluated in two multicenter, randomized, double-blind, active comparator (ustekinumab) and placebo-controlled studies (UltIMMa-1 [NCT02684370] and UltIMMa-2 [NCT02684357]) in 997 adult subjects with moderate-to-severe plaque psoriasis.
Subjects were randomized to receive SKYRIZI 150 mg (subcutaneously at Week 0, Week 4, and every 12 weeks thereafter), placebo, or active comparator ustekinumab (45 mg or 90 mg based on weight).

Primary Endpoints at Week 16:
- PASI 90 Response: In UltIMMa-1, 75.3% of subjects treated with SKYRIZI achieved PASI 90 compared to 4.9% of placebo-treated subjects and 42.0% of ustekinumab-treated subjects (p < 0.001 vs placebo and ustekinumab). In UltIMMa-2, 74.8% achieved PASI 90 vs 2.0% placebo and 47.5% ustekinumab (p < 0.001).
- sPGA 0/1 (Clear or Almost Clear): In UltIMMa-1, 87.8% of subjects on SKYRIZI achieved sPGA 0/1 vs 7.8% placebo and 63.0% ustekinumab (p < 0.001).

Long-Term Maintenance (Week 52 Endpoints):
- PASI 90 at Week 52: 81.9% of SKYRIZI subjects maintained PASI 90 compared to 44.0% of ustekinumab-treated subjects (p < 0.001).
- Complete Clearance (PASI 100): At Week 52, 56.3% of SKYRIZI subjects achieved PASI 100 vs 21.0% ustekinumab (p < 0.001).",473fcf640e2f1134
FDA_Skyrizi_Risankizumab_SPL.txt_011,FDA_Skyrizi_Risankizumab_SPL.txt,FDA Prescribing Information - Skyrizi (risankizumab-rzaa),FDA_INSERT,,"14.2 Head-to-Head Comparative Study vs Adalimumab (IMMvent Trial, NCT02694523)",1,"### 14.2 Head-to-Head Comparative Study vs Adalimumab (IMMvent Trial, NCT02694523)
In the IMMvent multicenter, double-blind study in 605 patients with plaque psoriasis:
- At Week 16, 72.0% of SKYRIZI-treated subjects achieved PASI 90 vs 47.4% of adalimumab-treated subjects (p < 0.001).
- Subjects with intermediate response to adalimumab (PASI 50 to < PASI 90) at Week 16 re-randomized to SKYRIZI achieved 66.0% PASI 90 at Week 44 vs 21.4% continuing adalimumab (p < 0.001).",54092169c15f1b5e
HEDIS_MY2026_Diabetes_Guidelines.txt_001,HEDIS_MY2026_Diabetes_Guidelines.txt,NCQA HEDIS MY2026 Comprehensive Diabetes Care (CDC) Guidelines,HEDIS_GUIDELINE,,NATIONAL COMMITTEE FOR QUALITY ASSURANCE (NCQA),1,"NATIONAL COMMITTEE FOR QUALITY ASSURANCE (NCQA)
HEALTHCARE EFFECTIVENESS DATA AND INFORMATION SET (HEDIS MY2026)
MEASURE SPECIFICATION: Comprehensive Diabetes Care (CDC) / NQF-0059",0ee125981747d497
HEDIS_MY2026_Diabetes_Guidelines.txt_002,HEDIS_MY2026_Diabetes_Guidelines.txt,NCQA HEDIS MY2026 Comprehensive Diabetes Care (CDC) Guidelines,HEDIS_GUIDELINE,,1. MEASURE DESCRIPTION,1,"1. MEASURE DESCRIPTION
The percentage of members 18–75 years of age with diabetes (type 1 and type 2) who had each of the following during the measurement year:
- Hemoglobin A1c (HbA1c) testing completed at least once every 12 months.
- HbA1c Poor Control (>9.0%).
- HbA1c Control (<8.0%).
- Retinal eye exam performed by an eye care professional.
- Blood pressure control (<140/90 mm Hg).",50e4c7ff65619d1d
HEDIS_MY2026_Diabetes_Guidelines.txt_003,HEDIS_MY2026_Diabetes_Guidelines.txt,NCQA HEDIS MY2026 Comprehensive Diabetes Care (CDC) Guidelines,HEDIS_GUIDELINE,,2. CLINICAL RATIONALE & CMS STAR RATING IMPACT,1,"2. CLINICAL RATIONALE & CMS STAR RATING IMPACT
Diabetic patients without an annual HbA1c observation directly penalize Medicare Advantage Star Ratings (Triple-Weighted Clinical Measure). Health plans failing to achieve the 75th percentile threshold incur substantial financial penalties under the CMS Quality Bonus Payment (QBP) framework.",9a02175d778a608b
HEDIS_MY2026_Diabetes_Guidelines.txt_004,HEDIS_MY2026_Diabetes_Guidelines.txt,NCQA HEDIS MY2026 Comprehensive Diabetes Care (CDC) Guidelines,HEDIS_GUIDELINE,,3. OUTREACH BENCHMARK,1,"3. OUTREACH BENCHMARK
Any attributed member exceeding 12 months since the last verified LOINC 4548-4 lab observation must be routed to prioritized clinical navigation for point-of-care lab order dispatch.",2616611f538e7c7d
